variable,desc,min.years,max.years,n.years,years,count,value
a1_age,Adult 1 - Age in Years,1,7,1,2016,663,28
a1_age,Adult 1 - Age in Years,1,7,1,2016,2026,40
a1_age,Adult 1 - Age in Years,1,7,1,2016,1916,37
a1_age,Adult 1 - Age in Years,1,7,1,2016,1066,30
a1_age,Adult 1 - Age in Years,1,7,1,2016,846,29
a1_age,Adult 1 - Age in Years,1,7,1,2016,1728,34
a1_age,Adult 1 - Age in Years,1,7,1,2016,1539,33
a1_age,Adult 1 - Age in Years,1,7,1,2016,1876,35
a1_age,Adult 1 - Age in Years,1,7,1,2016,1782,36
a1_age,Adult 1 - Age in Years,1,7,1,2016,578,27
a1_age,Adult 1 - Age in Years,1,7,1,2016,94,21
a1_age,Adult 1 - Age in Years,1,7,1,2016,413,26
a1_age,Adult 1 - Age in Years,1,7,1,2016,1972,42
a1_age,Adult 1 - Age in Years,1,7,1,2016,1906,38
a1_age,Adult 1 - Age in Years,1,7,1,2016,61,20
a1_age,Adult 1 - Age in Years,1,7,1,2016,1923,39
a1_age,Adult 1 - Age in Years,1,7,1,2016,69,19
a1_age,Adult 1 - Age in Years,1,7,1,2016,1801,44
a1_age,Adult 1 - Age in Years,1,7,1,2016,265,24
a1_age,Adult 1 - Age in Years,1,7,1,2016,317,25
a1_age,Adult 1 - Age in Years,1,7,1,2016,1384,32
a1_age,Adult 1 - Age in Years,1,7,1,2016,1197,31
a1_age,Adult 1 - Age in Years,1,7,1,2016,140,22
a1_age,Adult 1 - Age in Years,1,7,1,2016,51,18
a1_age,Adult 1 - Age in Years,1,7,1,2016,189,23
a1_age,Adult 1 - Age in Years,1,7,1,2016,1875,41
a1_age,Adult 1 - Age in Years,1,7,1,2016,1960,43
a1_age,Adult 1 - Age in Years,1,7,1,2016,2077,45
a1_age,Adult 1 - Age in Years,1,7,1,2016,125,67
a1_age,Adult 1 - Age in Years,1,7,1,2016,1871,47
a1_age,Adult 1 - Age in Years,1,7,1,2016,475,57
a1_age,Adult 1 - Age in Years,1,7,1,2016,1224,51
a1_age,Adult 1 - Age in Years,1,7,1,2016,1166,52
a1_age,Adult 1 - Age in Years,1,7,1,2016,1543,49
a1_age,Adult 1 - Age in Years,1,7,1,2016,1995,46
a1_age,Adult 1 - Age in Years,1,7,1,2016,296,59
a1_age,Adult 1 - Age in Years,1,7,1,2016,843,54
a1_age,Adult 1 - Age in Years,1,7,1,2016,387,58
a1_age,Adult 1 - Age in Years,1,7,1,2016,1602,48
a1_age,Adult 1 - Age in Years,1,7,1,2016,164,64
a1_age,Adult 1 - Age in Years,1,7,1,2016,961,53
a1_age,Adult 1 - Age in Years,1,7,1,2016,307,60
a1_age,Adult 1 - Age in Years,1,7,1,2016,780,55
a1_age,Adult 1 - Age in Years,1,7,1,2016,1463,50
a1_age,Adult 1 - Age in Years,1,7,1,2016,574,56
a1_age,Adult 1 - Age in Years,1,7,1,2016,116,66
a1_age,Adult 1 - Age in Years,1,7,1,2016,154,65
a1_age,Adult 1 - Age in Years,1,7,1,2016,214,62
a1_age,Adult 1 - Age in Years,1,7,1,2016,215,61
a1_age,Adult 1 - Age in Years,1,7,1,2016,147,75
a1_age,Adult 1 - Age in Years,1,7,1,2016,51,71
a1_age,Adult 1 - Age in Years,1,7,1,2016,88,69
a1_age,Adult 1 - Age in Years,1,7,1,2016,74,70
a1_age,Adult 1 - Age in Years,1,7,1,2016,163,63
a1_age,Adult 1 - Age in Years,1,7,1,2016,34,74
a1_age,Adult 1 - Age in Years,1,7,1,2016,53,73
a1_age,Adult 1 - Age in Years,1,7,1,2016,101,68
a1_age,Adult 1 - Age in Years,1,7,1,2016,70,72
a1_age,Adult 1 - Age in Years,1,7,7,"2016,2017,2018,2019,2020,2021,2022",229553,
a1_age,Adult 1 - Age in Years,1,7,1,2017,10,18 or 19
a1_age,Adult 1 - Age in Years,1,7,6,"2017,2018,2019,2020,2021,2022",1013,75 or older
a1_grade,Adult 1 - Highest Completed Year of School,1,7,1,2016,1524,
a1_grade,Adult 1 - Highest Completed Year of School,1,7,3,"2016,2017,2018",31259,"Bachelor’s Degree (BA, BS, AB)"
a1_grade,Adult 1 - Highest Completed Year of School,1,7,3,"2016,2017,2018",17992,"Master’s Degree (MA, MS, MSW, MBA)"
a1_grade,Adult 1 - Highest Completed Year of School,1,7,7,"2016,2017,2018,2019,2020,2021,2022",2901,8th grade or less
a1_grade,Adult 1 - Highest Completed Year of School,1,7,7,"2016,2017,2018,2019,2020,2021,2022",6766,9th-12th grade; No diploma
a1_grade,Adult 1 - Highest Completed Year of School,1,7,7,"2016,2017,2018,2019,2020,2021,2022",32196,High School Graduate or GED Completed
a1_grade,Adult 1 - Highest Completed Year of School,1,7,7,"2016,2017,2018,2019,2020,2021,2022",12852,"Completed a vocational, trade, or business school program"
a1_grade,Adult 1 - Highest Completed Year of School,1,7,7,"2016,2017,2018,2019,2020,2021,2022",39889,"Some College Credit, but No Degree"
a1_grade,Adult 1 - Highest Completed Year of School,1,7,7,"2016,2017,2018,2019,2020,2021,2022",27834,"Associate Degree (AA, AS)"
a1_grade,Adult 1 - Highest Completed Year of School,1,7,7,"2016,2017,2018,2019,2020,2021,2022",17834,"Doctorate (PhD, EdD) or Professional Degree (MD, DDS, DVM, JD)"
a1_grade,Adult 1 - Highest Completed Year of School,1,7,4,"2019,2020,2021,2022",54683,"Bachelor's Degree (BA, BS, AB)"
a1_grade,Adult 1 - Highest Completed Year of School,1,7,4,"2019,2020,2021,2022",33816,"Master's Degree (MA, MS, MSW, MBA)"
a2_age,Adult 2 - Age in Years,1,7,1,2016,559,28
a2_age,Adult 2 - Age in Years,1,7,1,2016,1752,40
a2_age,Adult 2 - Age in Years,1,7,1,2016,1668,37
a2_age,Adult 2 - Age in Years,1,7,1,2016,899,30
a2_age,Adult 2 - Age in Years,1,7,1,2016,697,29
a2_age,Adult 2 - Age in Years,1,7,1,2016,1410,34
a2_age,Adult 2 - Age in Years,1,7,1,2016,1313,33
a2_age,Adult 2 - Age in Years,1,7,1,2016,1528,35
a2_age,Adult 2 - Age in Years,1,7,1,2016,1656,36
a2_age,Adult 2 - Age in Years,1,7,1,2016,462,27
a2_age,Adult 2 - Age in Years,1,7,1,2016,77,21
a2_age,Adult 2 - Age in Years,1,7,1,2016,376,26
a2_age,Adult 2 - Age in Years,1,7,1,2016,1742,42
a2_age,Adult 2 - Age in Years,1,7,1,2016,1691,38
a2_age,Adult 2 - Age in Years,1,7,1,2016,56,20
a2_age,Adult 2 - Age in Years,1,7,1,2016,1732,39
a2_age,Adult 2 - Age in Years,1,7,1,2016,45,19
a2_age,Adult 2 - Age in Years,1,7,1,2016,1763,44
a2_age,Adult 2 - Age in Years,1,7,1,2016,163,24
a2_age,Adult 2 - Age in Years,1,7,1,2016,267,25
a2_age,Adult 2 - Age in Years,1,7,1,2016,1188,32
a2_age,Adult 2 - Age in Years,1,7,1,2016,1006,31
a2_age,Adult 2 - Age in Years,1,7,1,2016,87,22
a2_age,Adult 2 - Age in Years,1,7,1,2016,27,18
a2_age,Adult 2 - Age in Years,1,7,1,2016,139,23
a2_age,Adult 2 - Age in Years,1,7,1,2016,1681,41
a2_age,Adult 2 - Age in Years,1,7,1,2016,1744,43
a2_age,Adult 2 - Age in Years,1,7,1,2016,1870,45
a2_age,Adult 2 - Age in Years,1,7,1,2016,98,67
a2_age,Adult 2 - Age in Years,1,7,1,2016,1660,47
a2_age,Adult 2 - Age in Years,1,7,1,2016,436,57
a2_age,Adult 2 - Age in Years,1,7,1,2016,1051,51
a2_age,Adult 2 - Age in Years,1,7,1,2016,1106,52
a2_age,Adult 2 - Age in Years,1,7,1,2016,1317,49
a2_age,Adult 2 - Age in Years,1,7,1,2016,1711,46
a2_age,Adult 2 - Age in Years,1,7,1,2016,315,59
a2_age,Adult 2 - Age in Years,1,7,1,2016,708,54
a2_age,Adult 2 - Age in Years,1,7,1,2016,361,58
a2_age,Adult 2 - Age in Years,1,7,1,2016,1571,48
a2_age,Adult 2 - Age in Years,1,7,1,2016,137,64
a2_age,Adult 2 - Age in Years,1,7,1,2016,895,53
a2_age,Adult 2 - Age in Years,1,7,1,2016,262,60
a2_age,Adult 2 - Age in Years,1,7,1,2016,673,55
a2_age,Adult 2 - Age in Years,1,7,1,2016,1314,50
a2_age,Adult 2 - Age in Years,1,7,1,2016,483,56
a2_age,Adult 2 - Age in Years,1,7,1,2016,84,66
a2_age,Adult 2 - Age in Years,1,7,1,2016,130,65
a2_age,Adult 2 - Age in Years,1,7,1,2016,211,62
a2_age,Adult 2 - Age in Years,1,7,1,2016,179,61
a2_age,Adult 2 - Age in Years,1,7,1,2016,175,75
a2_age,Adult 2 - Age in Years,1,7,1,2016,39,71
a2_age,Adult 2 - Age in Years,1,7,1,2016,65,69
a2_age,Adult 2 - Age in Years,1,7,1,2016,81,70
a2_age,Adult 2 - Age in Years,1,7,1,2016,140,63
a2_age,Adult 2 - Age in Years,1,7,1,2016,29,74
a2_age,Adult 2 - Age in Years,1,7,1,2016,47,73
a2_age,Adult 2 - Age in Years,1,7,1,2016,78,68
a2_age,Adult 2 - Age in Years,1,7,1,2016,38,72
a2_age,Adult 2 - Age in Years,1,7,7,"2016,2017,2018,2019,2020,2021,2022",235678,
a2_age,Adult 2 - Age in Years,1,7,6,"2017,2018,2019,2020,2021,2022",876,75 or older
a2_relation,Adult 2 - How Related to Child,1,7,7,"2016,2017,2018,2019,2020,2021,2022",2365,Other: Relative
a2_relation,Adult 2 - How Related to Child,1,7,7,"2016,2017,2018,2019,2020,2021,2022",208689,Biological or Adoptive Parent
a2_relation,Adult 2 - How Related to Child,1,7,7,"2016,2017,2018,2019,2020,2021,2022",10872,Step-parent
a2_relation,Adult 2 - How Related to Child,1,7,7,"2016,2017,2018,2019,2020,2021,2022",8680,Grandparent
a2_relation,Adult 2 - How Related to Child,1,7,7,"2016,2017,2018,2019,2020,2021,2022",499,Foster Parent
a2_relation,Adult 2 - How Related to Child,1,7,7,"2016,2017,2018,2019,2020,2021,2022",2372,Other: Non-Relative
a2_relation,Adult 2 - How Related to Child,1,7,7,"2016,2017,2018,2019,2020,2021,2022",8996,
a2_relation,Adult 2 - How Related to Child,1,7,2,"2016,2018",9474,There is only one primary adult caregiver for this child
a2_relation,Adult 2 - How Related to Child,1,7,1,2017,2301,There is only one primary adult caregiver for [fill SC_NAME]
a2_relation,Adult 2 - How Related to Child,1,7,4,"2019,2020,2021,2022",25298,There is only one primary adult caregiver in the household for this child
arrangehc,Hours Spent Arranging Health Medical Care,1,7,2,"2016,2017",2283,No health or medical care was arranged or coordinated by me or other family members
arrangehc,Hours Spent Arranging Health Medical Care,1,7,7,"2016,2017,2018,2019,2020,2021,2022",83439,Less than 1 hour per week
arrangehc,Hours Spent Arranging Health Medical Care,1,7,7,"2016,2017,2018,2019,2020,2021,2022",6842,1-4 hours per week
arrangehc,Hours Spent Arranging Health Medical Care,1,7,7,"2016,2017,2018,2019,2020,2021,2022",919,5-10 hours per week
arrangehc,Hours Spent Arranging Health Medical Care,1,7,7,"2016,2017,2018,2019,2020,2021,2022",843,11 or more hours per week
arrangehc,Hours Spent Arranging Health Medical Care,1,7,7,"2016,2017,2018,2019,2020,2021,2022",3159,
arrangehc,Hours Spent Arranging Health Medical Care,1,7,1,2018,26993,This child does not need health care provided on a weekly basis
arrangehc,Hours Spent Arranging Health Medical Care,1,7,4,"2019,2020,2021,2022",155068,This child does not need health care coordinated on a weekly basis
birthwt,Birth Weight Status,1,7,1,2016,605,Very Low Birth Weight
birthwt,Birth Weight Status,1,7,1,2016,3106,Low Birth Weight
birthwt,Birth Weight Status,1,7,1,2016,43092,Not Low Birth Weight
birthwt,Birth Weight Status,1,7,7,"2016,2017,2018,2019,2020,2021,2022",12423,
birthwt,Birth Weight Status,1,7,6,"2017,2018,2019,2020,2021,2022",2974,"Very low birth weight (less than 1,500g)"
birthwt,Birth Weight Status,1,7,6,"2017,2018,2019,2020,2021,2022",16182,"Low birth weight (less than 2,500g)"
birthwt,Birth Weight Status,1,7,6,"2017,2018,2019,2020,2021,2022",201164,Not low birth weight
currins,Health Insurance Coverage - Currently Covered,1,7,1,2016,48244,Currently insured
currins,Health Insurance Coverage - Currently Covered,1,7,1,2016,1780,Currently uninsured
currins,Health Insurance Coverage - Currently Covered,1,7,7,"2016,2017,2018,2019,2020,2021,2022",1194,
currins,Health Insurance Coverage - Currently Covered,1,7,6,"2017,2018,2019,2020,2021,2022",218169,Currently insured (does not include Indian Health Service or a religious health share)
currins,Health Insurance Coverage - Currently Covered,1,7,6,"2017,2018,2019,2020,2021,2022",10159,"Currently uninsured, or only insured through Indian Health Service or a religious health share"
famcount,Number of People That Are Family Members,1,7,1,2016,32,1
famcount,Number of People That Are Family Members,1,7,1,2016,3019,6
famcount,Number of People That Are Family Members,1,7,1,2016,2736,2
famcount,Number of People That Are Family Members,1,7,1,2016,15433,3
famcount,Number of People That Are Family Members,1,7,1,2016,18334,4
famcount,Number of People That Are Family Members,1,7,1,2016,7838,5
famcount,Number of People That Are Family Members,1,7,1,2016,540,7
famcount,Number of People That Are Family Members,1,7,1,2016,245,8
famcount,Number of People That Are Family Members,1,7,7,"2016,2017,2018,2019,2020,2021,2022",230147,
famcount,Number of People That Are Family Members,1,7,6,"2017,2018,2019,2020,2021,2022",1222,8 or more
family,Family Structure,1,7,1,2016,1109,"Other, currently married or formerly married"
family,Family Structure,1,7,7,"2016,2017,2018,2019,2020,2021,2022",4483,Other relation
family,Family Structure,1,7,7,"2016,2017,2018,2019,2020,2021,2022",39099,Single mother
family,Family Structure,1,7,7,"2016,2017,2018,2019,2020,2021,2022",3825,"Two parents (at least one not biological/adoptive), not currently married"
family,Family Structure,1,7,7,"2016,2017,2018,2019,2020,2021,2022",11696,"Two parents (at least one not biological/adoptive), currently married"
family,Family Structure,1,7,7,"2016,2017,2018,2019,2020,2021,2022",13150,"Two biogical/adoptive parents, not currently married"
family,Family Structure,1,7,7,"2016,2017,2018,2019,2020,2021,2022",183148,"Two biogical/adoptive parents, currently married"
family,Family Structure,1,7,7,"2016,2017,2018,2019,2020,2021,2022",6526,
family,Family Structure,1,7,6,"2017,2018,2019,2020,2021,2022",9950,Single father
family,Family Structure,1,7,6,"2017,2018,2019,2020,2021,2022",6560,Grandparent household
fpl_i1,"Family Poverty Ratio, First Implicate",1,6,1,2016,67,67
fpl_i1,"Family Poverty Ratio, First Implicate",1,6,1,2016,45,57
fpl_i1,"Family Poverty Ratio, First Implicate",1,6,1,2016,43,51
fpl_i1,"Family Poverty Ratio, First Implicate",1,6,1,2016,92,52
fpl_i1,"Family Poverty Ratio, First Implicate",1,6,1,2016,48,59
fpl_i1,"Family Poverty Ratio, First Implicate",1,6,1,2016,61,54
fpl_i1,"Family Poverty Ratio, First Implicate",1,6,1,2016,61,58
fpl_i1,"Family Poverty Ratio, First Implicate",1,6,1,2016,57,64
fpl_i1,"Family Poverty Ratio, First Implicate",1,6,1,2016,61,53
fpl_i1,"Family Poverty Ratio, First Implicate",1,6,1,2016,61,60
fpl_i1,"Family Poverty Ratio, First Implicate",1,6,1,2016,66,55
fpl_i1,"Family Poverty Ratio, First Implicate",1,6,1,2016,1914,50
fpl_i1,"Family Poverty Ratio, First Implicate",1,6,1,2016,44,56
fpl_i1,"Family Poverty Ratio, First Implicate",1,6,1,2016,72,66
fpl_i1,"Family Poverty Ratio, First Implicate",1,6,1,2016,37,65
fpl_i1,"Family Poverty Ratio, First Implicate",1,6,1,2016,75,62
fpl_i1,"Family Poverty Ratio, First Implicate",1,6,1,2016,53,61
fpl_i1,"Family Poverty Ratio, First Implicate",1,6,1,2016,85,75
fpl_i1,"Family Poverty Ratio, First Implicate",1,6,1,2016,94,71
fpl_i1,"Family Poverty Ratio, First Implicate",1,6,1,2016,59,69
fpl_i1,"Family Poverty Ratio, First Implicate",1,6,1,2016,47,70
fpl_i1,"Family Poverty Ratio, First Implicate",1,6,1,2016,84,63
fpl_i1,"Family Poverty Ratio, First Implicate",1,6,1,2016,58,74
fpl_i1,"Family Poverty Ratio, First Implicate",1,6,1,2016,71,73
fpl_i1,"Family Poverty Ratio, First Implicate",1,6,1,2016,68,68
fpl_i1,"Family Poverty Ratio, First Implicate",1,6,1,2016,53,72
fpl_i1,"Family Poverty Ratio, First Implicate",1,6,1,2016,328,367
fpl_i1,"Family Poverty Ratio, First Implicate",1,6,1,2016,21528,400
fpl_i1,"Family Poverty Ratio, First Implicate",1,6,1,2016,286,393
fpl_i1,"Family Poverty Ratio, First Implicate",1,6,1,2016,105,389
fpl_i1,"Family Poverty Ratio, First Implicate",1,6,1,2016,118,194
fpl_i1,"Family Poverty Ratio, First Implicate",1,6,1,2016,126,150
fpl_i1,"Family Poverty Ratio, First Implicate",1,6,1,2016,380,250
fpl_i1,"Family Poverty Ratio, First Implicate",1,6,1,2016,61,358
fpl_i1,"Family Poverty Ratio, First Implicate",1,6,1,2016,123,316
fpl_i1,"Family Poverty Ratio, First Implicate",1,6,1,2016,89,173
fpl_i1,"Family Poverty Ratio, First Implicate",1,6,1,2016,110,301
fpl_i1,"Family Poverty Ratio, First Implicate",1,6,1,2016,38,309
fpl_i1,"Family Poverty Ratio, First Implicate",1,6,1,2016,32,238
fpl_i1,"Family Poverty Ratio, First Implicate",1,6,1,2016,44,235
fpl_i1,"Family Poverty Ratio, First Implicate",1,6,1,2016,56,97
fpl_i1,"Family Poverty Ratio, First Implicate",1,6,1,2016,64,113
fpl_i1,"Family Poverty Ratio, First Implicate",1,6,1,2016,79,231
fpl_i1,"Family Poverty Ratio, First Implicate",1,6,1,2016,450,333
fpl_i1,"Family Poverty Ratio, First Implicate",1,6,1,2016,102,276
fpl_i1,"Family Poverty Ratio, First Implicate",1,6,1,2016,160,212
fpl_i1,"Family Poverty Ratio, First Implicate",1,6,1,2016,61,171
fpl_i1,"Family Poverty Ratio, First Implicate",1,6,1,2016,22,213
fpl_i1,"Family Poverty Ratio, First Implicate",1,6,1,2016,218,210
fpl_i1,"Family Poverty Ratio, First Implicate",1,6,1,2016,61,76
fpl_i1,"Family Poverty Ratio, First Implicate",1,6,1,2016,45,197
fpl_i1,"Family Poverty Ratio, First Implicate",1,6,1,2016,55,193
fpl_i1,"Family Poverty Ratio, First Implicate",1,6,1,2016,81,252
fpl_i1,"Family Poverty Ratio, First Implicate",1,6,1,2016,354,291
fpl_i1,"Family Poverty Ratio, First Implicate",1,6,1,2016,87,84
fpl_i1,"Family Poverty Ratio, First Implicate",1,6,1,2016,93,136
fpl_i1,"Family Poverty Ratio, First Implicate",1,6,1,2016,56,371
fpl_i1,"Family Poverty Ratio, First Implicate",1,6,1,2016,72,116
fpl_i1,"Family Poverty Ratio, First Implicate",1,6,1,2016,108,100
fpl_i1,"Family Poverty Ratio, First Implicate",1,6,1,2016,121,325
fpl_i1,"Family Poverty Ratio, First Implicate",1,6,1,2016,391,262
fpl_i1,"Family Poverty Ratio, First Implicate",1,6,1,2016,145,221
fpl_i1,"Family Poverty Ratio, First Implicate",1,6,1,2016,41,118
fpl_i1,"Family Poverty Ratio, First Implicate",1,6,1,2016,62,320
fpl_i1,"Family Poverty Ratio, First Implicate",1,6,1,2016,131,126
fpl_i1,"Family Poverty Ratio, First Implicate",1,6,1,2016,85,356
fpl_i1,"Family Poverty Ratio, First Implicate",1,6,1,2016,207,187
fpl_i1,"Family Poverty Ratio, First Implicate",1,6,1,2016,93,230
fpl_i1,"Family Poverty Ratio, First Implicate",1,6,1,2016,112,147
fpl_i1,"Family Poverty Ratio, First Implicate",1,6,1,2016,119,322
fpl_i1,"Family Poverty Ratio, First Implicate",1,6,1,2016,127,265
fpl_i1,"Family Poverty Ratio, First Implicate",1,6,1,2016,138,288
fpl_i1,"Family Poverty Ratio, First Implicate",1,6,1,2016,32,192
fpl_i1,"Family Poverty Ratio, First Implicate",1,6,1,2016,118,146
fpl_i1,"Family Poverty Ratio, First Implicate",1,6,1,2016,34,295
fpl_i1,"Family Poverty Ratio, First Implicate",1,6,1,2016,69,383
fpl_i1,"Family Poverty Ratio, First Implicate",1,6,1,2016,33,352
fpl_i1,"Family Poverty Ratio, First Implicate",1,6,1,2016,104,110
fpl_i1,"Family Poverty Ratio, First Implicate",1,6,1,2016,93,294
fpl_i1,"Family Poverty Ratio, First Implicate",1,6,1,2016,213,341
fpl_i1,"Family Poverty Ratio, First Implicate",1,6,1,2016,105,106
fpl_i1,"Family Poverty Ratio, First Implicate",1,6,1,2016,171,177
fpl_i1,"Family Poverty Ratio, First Implicate",1,6,1,2016,205,270
fpl_i1,"Family Poverty Ratio, First Implicate",1,6,1,2016,57,109
fpl_i1,"Family Poverty Ratio, First Implicate",1,6,1,2016,444,354
fpl_i1,"Family Poverty Ratio, First Implicate",1,6,1,2016,59,351
fpl_i1,"Family Poverty Ratio, First Implicate",1,6,1,2016,118,201
fpl_i1,"Family Poverty Ratio, First Implicate",1,6,1,2016,40,242
fpl_i1,"Family Poverty Ratio, First Implicate",1,6,1,2016,124,79
fpl_i1,"Family Poverty Ratio, First Implicate",1,6,1,2016,37,338
fpl_i1,"Family Poverty Ratio, First Implicate",1,6,1,2016,439,374
fpl_i1,"Family Poverty Ratio, First Implicate",1,6,1,2016,52,227
fpl_i1,"Family Poverty Ratio, First Implicate",1,6,1,2016,99,345
fpl_i1,"Family Poverty Ratio, First Implicate",1,6,1,2016,77,304
fpl_i1,"Family Poverty Ratio, First Implicate",1,6,1,2016,129,125
fpl_i1,"Family Poverty Ratio, First Implicate",1,6,1,2016,238,283
fpl_i1,"Family Poverty Ratio, First Implicate",1,6,1,2016,77,161
fpl_i1,"Family Poverty Ratio, First Implicate",1,6,1,2016,89,129
fpl_i1,"Family Poverty Ratio, First Implicate",1,6,1,2016,93,220
fpl_i1,"Family Poverty Ratio, First Implicate",1,6,1,2016,59,342
fpl_i1,"Family Poverty Ratio, First Implicate",1,6,1,2016,77,215
fpl_i1,"Family Poverty Ratio, First Implicate",1,6,1,2016,65,310
fpl_i1,"Family Poverty Ratio, First Implicate",1,6,1,2016,92,168
fpl_i1,"Family Poverty Ratio, First Implicate",1,6,1,2016,62,336
fpl_i1,"Family Poverty Ratio, First Implicate",1,6,1,2016,119,245
fpl_i1,"Family Poverty Ratio, First Implicate",1,6,1,2016,61,255
fpl_i1,"Family Poverty Ratio, First Implicate",1,6,1,2016,79,162
fpl_i1,"Family Poverty Ratio, First Implicate",1,6,1,2016,68,180
fpl_i1,"Family Poverty Ratio, First Implicate",1,6,1,2016,43,387
fpl_i1,"Family Poverty Ratio, First Implicate",1,6,1,2016,252,208
fpl_i1,"Family Poverty Ratio, First Implicate",1,6,1,2016,50,332
fpl_i1,"Family Poverty Ratio, First Implicate",1,6,1,2016,32,311
fpl_i1,"Family Poverty Ratio, First Implicate",1,6,1,2016,32,386
fpl_i1,"Family Poverty Ratio, First Implicate",1,6,1,2016,56,145
fpl_i1,"Family Poverty Ratio, First Implicate",1,6,1,2016,86,178
fpl_i1,"Family Poverty Ratio, First Implicate",1,6,1,2016,80,209
fpl_i1,"Family Poverty Ratio, First Implicate",1,6,1,2016,267,312
fpl_i1,"Family Poverty Ratio, First Implicate",1,6,1,2016,38,198
fpl_i1,"Family Poverty Ratio, First Implicate",1,6,1,2016,29,289
fpl_i1,"Family Poverty Ratio, First Implicate",1,6,1,2016,25,339
fpl_i1,"Family Poverty Ratio, First Implicate",1,6,1,2016,56,278
fpl_i1,"Family Poverty Ratio, First Implicate",1,6,1,2016,50,174
fpl_i1,"Family Poverty Ratio, First Implicate",1,6,1,2016,71,175
fpl_i1,"Family Poverty Ratio, First Implicate",1,6,1,2016,54,78
fpl_i1,"Family Poverty Ratio, First Implicate",1,6,1,2016,149,229
fpl_i1,"Family Poverty Ratio, First Implicate",1,6,1,2016,147,189
fpl_i1,"Family Poverty Ratio, First Implicate",1,6,1,2016,75,181
fpl_i1,"Family Poverty Ratio, First Implicate",1,6,1,2016,144,362
fpl_i1,"Family Poverty Ratio, First Implicate",1,6,1,2016,62,170
fpl_i1,"Family Poverty Ratio, First Implicate",1,6,1,2016,67,240
fpl_i1,"Family Poverty Ratio, First Implicate",1,6,1,2016,85,191
fpl_i1,"Family Poverty Ratio, First Implicate",1,6,1,2016,118,159
fpl_i1,"Family Poverty Ratio, First Implicate",1,6,1,2016,117,184
fpl_i1,"Family Poverty Ratio, First Implicate",1,6,1,2016,99,216
fpl_i1,"Family Poverty Ratio, First Implicate",1,6,1,2016,184,241
fpl_i1,"Family Poverty Ratio, First Implicate",1,6,1,2016,89,152
fpl_i1,"Family Poverty Ratio, First Implicate",1,6,1,2016,55,165
fpl_i1,"Family Poverty Ratio, First Implicate",1,6,1,2016,56,272
fpl_i1,"Family Poverty Ratio, First Implicate",1,6,1,2016,56,293
fpl_i1,"Family Poverty Ratio, First Implicate",1,6,1,2016,35,143
fpl_i1,"Family Poverty Ratio, First Implicate",1,6,1,2016,159,318
fpl_i1,"Family Poverty Ratio, First Implicate",1,6,1,2016,60,190
fpl_i1,"Family Poverty Ratio, First Implicate",1,6,1,2016,167,131
fpl_i1,"Family Poverty Ratio, First Implicate",1,6,1,2016,53,163
fpl_i1,"Family Poverty Ratio, First Implicate",1,6,1,2016,72,96
fpl_i1,"Family Poverty Ratio, First Implicate",1,6,1,2016,65,115
fpl_i1,"Family Poverty Ratio, First Implicate",1,6,1,2016,33,244
fpl_i1,"Family Poverty Ratio, First Implicate",1,6,1,2016,27,355
fpl_i1,"Family Poverty Ratio, First Implicate",1,6,1,2016,231,166
fpl_i1,"Family Poverty Ratio, First Implicate",1,6,1,2016,177,157
fpl_i1,"Family Poverty Ratio, First Implicate",1,6,1,2016,75,368
fpl_i1,"Family Poverty Ratio, First Implicate",1,6,1,2016,86,237
fpl_i1,"Family Poverty Ratio, First Implicate",1,6,1,2016,162,183
fpl_i1,"Family Poverty Ratio, First Implicate",1,6,1,2016,33,372
fpl_i1,"Family Poverty Ratio, First Implicate",1,6,1,2016,73,179
fpl_i1,"Family Poverty Ratio, First Implicate",1,6,1,2016,43,186
fpl_i1,"Family Poverty Ratio, First Implicate",1,6,1,2016,99,92
fpl_i1,"Family Poverty Ratio, First Implicate",1,6,1,2016,43,102
fpl_i1,"Family Poverty Ratio, First Implicate",1,6,1,2016,178,395
fpl_i1,"Family Poverty Ratio, First Implicate",1,6,1,2016,49,107
fpl_i1,"Family Poverty Ratio, First Implicate",1,6,1,2016,59,111
fpl_i1,"Family Poverty Ratio, First Implicate",1,6,1,2016,29,353
fpl_i1,"Family Poverty Ratio, First Implicate",1,6,1,2016,60,286
fpl_i1,"Family Poverty Ratio, First Implicate",1,6,1,2016,51,217
fpl_i1,"Family Poverty Ratio, First Implicate",1,6,1,2016,31,380
fpl_i1,"Family Poverty Ratio, First Implicate",1,6,1,2016,84,200
fpl_i1,"Family Poverty Ratio, First Implicate",1,6,1,2016,87,379
fpl_i1,"Family Poverty Ratio, First Implicate",1,6,1,2016,59,287
fpl_i1,"Family Poverty Ratio, First Implicate",1,6,1,2016,76,307
fpl_i1,"Family Poverty Ratio, First Implicate",1,6,1,2016,37,349
fpl_i1,"Family Poverty Ratio, First Implicate",1,6,1,2016,58,306
fpl_i1,"Family Poverty Ratio, First Implicate",1,6,1,2016,56,156
fpl_i1,"Family Poverty Ratio, First Implicate",1,6,1,2016,69,108
fpl_i1,"Family Poverty Ratio, First Implicate",1,6,1,2016,364,314
fpl_i1,"Family Poverty Ratio, First Implicate",1,6,1,2016,55,334
fpl_i1,"Family Poverty Ratio, First Implicate",1,6,1,2016,52,370
fpl_i1,"Family Poverty Ratio, First Implicate",1,6,1,2016,201,141
fpl_i1,"Family Poverty Ratio, First Implicate",1,6,1,2016,46,164
fpl_i1,"Family Poverty Ratio, First Implicate",1,6,1,2016,63,275
fpl_i1,"Family Poverty Ratio, First Implicate",1,6,1,2016,73,103
fpl_i1,"Family Poverty Ratio, First Implicate",1,6,1,2016,66,308
fpl_i1,"Family Poverty Ratio, First Implicate",1,6,1,2016,51,140
fpl_i1,"Family Poverty Ratio, First Implicate",1,6,1,2016,84,142
fpl_i1,"Family Poverty Ratio, First Implicate",1,6,1,2016,77,377
fpl_i1,"Family Poverty Ratio, First Implicate",1,6,1,2016,55,148
fpl_i1,"Family Poverty Ratio, First Implicate",1,6,1,2016,65,202
fpl_i1,"Family Poverty Ratio, First Implicate",1,6,1,2016,160,236
fpl_i1,"Family Poverty Ratio, First Implicate",1,6,1,2016,82,95
fpl_i1,"Family Poverty Ratio, First Implicate",1,6,1,2016,36,257
fpl_i1,"Family Poverty Ratio, First Implicate",1,6,1,2016,52,154
fpl_i1,"Family Poverty Ratio, First Implicate",1,6,1,2016,88,258
fpl_i1,"Family Poverty Ratio, First Implicate",1,6,1,2016,26,390
fpl_i1,"Family Poverty Ratio, First Implicate",1,6,1,2016,31,232
fpl_i1,"Family Poverty Ratio, First Implicate",1,6,1,2016,31,360
fpl_i1,"Family Poverty Ratio, First Implicate",1,6,1,2016,70,267
fpl_i1,"Family Poverty Ratio, First Implicate",1,6,1,2016,44,269
fpl_i1,"Family Poverty Ratio, First Implicate",1,6,1,2016,72,399
fpl_i1,"Family Poverty Ratio, First Implicate",1,6,1,2016,35,243
fpl_i1,"Family Poverty Ratio, First Implicate",1,6,1,2016,77,138
fpl_i1,"Family Poverty Ratio, First Implicate",1,6,1,2016,121,121
fpl_i1,"Family Poverty Ratio, First Implicate",1,6,1,2016,130,104
fpl_i1,"Family Poverty Ratio, First Implicate",1,6,1,2016,56,144
fpl_i1,"Family Poverty Ratio, First Implicate",1,6,1,2016,42,391
fpl_i1,"Family Poverty Ratio, First Implicate",1,6,1,2016,52,223
fpl_i1,"Family Poverty Ratio, First Implicate",1,6,1,2016,42,160
fpl_i1,"Family Poverty Ratio, First Implicate",1,6,1,2016,86,101
fpl_i1,"Family Poverty Ratio, First Implicate",1,6,1,2016,26,203
fpl_i1,"Family Poverty Ratio, First Implicate",1,6,1,2016,54,155
fpl_i1,"Family Poverty Ratio, First Implicate",1,6,1,2016,53,93
fpl_i1,"Family Poverty Ratio, First Implicate",1,6,1,2016,38,260
fpl_i1,"Family Poverty Ratio, First Implicate",1,6,1,2016,66,254
fpl_i1,"Family Poverty Ratio, First Implicate",1,6,1,2016,30,297
fpl_i1,"Family Poverty Ratio, First Implicate",1,6,1,2016,60,398
fpl_i1,"Family Poverty Ratio, First Implicate",1,6,1,2016,65,85
fpl_i1,"Family Poverty Ratio, First Implicate",1,6,1,2016,37,396
fpl_i1,"Family Poverty Ratio, First Implicate",1,6,1,2016,103,83
fpl_i1,"Family Poverty Ratio, First Implicate",1,6,1,2016,94,196
fpl_i1,"Family Poverty Ratio, First Implicate",1,6,1,2016,70,253
fpl_i1,"Family Poverty Ratio, First Implicate",1,6,1,2016,140,247
fpl_i1,"Family Poverty Ratio, First Implicate",1,6,1,2016,124,133
fpl_i1,"Family Poverty Ratio, First Implicate",1,6,1,2016,58,122
fpl_i1,"Family Poverty Ratio, First Implicate",1,6,1,2016,34,317
fpl_i1,"Family Poverty Ratio, First Implicate",1,6,1,2016,35,285
fpl_i1,"Family Poverty Ratio, First Implicate",1,6,1,2016,46,388
fpl_i1,"Family Poverty Ratio, First Implicate",1,6,1,2016,23,363
fpl_i1,"Family Poverty Ratio, First Implicate",1,6,1,2016,87,273
fpl_i1,"Family Poverty Ratio, First Implicate",1,6,1,2016,57,88
fpl_i1,"Family Poverty Ratio, First Implicate",1,6,1,2016,45,128
fpl_i1,"Family Poverty Ratio, First Implicate",1,6,1,2016,127,158
fpl_i1,"Family Poverty Ratio, First Implicate",1,6,1,2016,67,117
fpl_i1,"Family Poverty Ratio, First Implicate",1,6,1,2016,122,225
fpl_i1,"Family Poverty Ratio, First Implicate",1,6,1,2016,25,357
fpl_i1,"Family Poverty Ratio, First Implicate",1,6,1,2016,29,324
fpl_i1,"Family Poverty Ratio, First Implicate",1,6,1,2016,59,90
fpl_i1,"Family Poverty Ratio, First Implicate",1,6,1,2016,80,153
fpl_i1,"Family Poverty Ratio, First Implicate",1,6,1,2016,81,99
fpl_i1,"Family Poverty Ratio, First Implicate",1,6,1,2016,133,105
fpl_i1,"Family Poverty Ratio, First Implicate",1,6,1,2016,54,347
fpl_i1,"Family Poverty Ratio, First Implicate",1,6,1,2016,42,81
fpl_i1,"Family Poverty Ratio, First Implicate",1,6,1,2016,96,233
fpl_i1,"Family Poverty Ratio, First Implicate",1,6,1,2016,51,346
fpl_i1,"Family Poverty Ratio, First Implicate",1,6,1,2016,31,206
fpl_i1,"Family Poverty Ratio, First Implicate",1,6,1,2016,41,378
fpl_i1,"Family Poverty Ratio, First Implicate",1,6,1,2016,53,224
fpl_i1,"Family Poverty Ratio, First Implicate",1,6,1,2016,30,292
fpl_i1,"Family Poverty Ratio, First Implicate",1,6,1,2016,39,214
fpl_i1,"Family Poverty Ratio, First Implicate",1,6,1,2016,91,172
fpl_i1,"Family Poverty Ratio, First Implicate",1,6,1,2016,68,302
fpl_i1,"Family Poverty Ratio, First Implicate",1,6,1,2016,65,169
fpl_i1,"Family Poverty Ratio, First Implicate",1,6,1,2016,30,392
fpl_i1,"Family Poverty Ratio, First Implicate",1,6,1,2016,36,218
fpl_i1,"Family Poverty Ratio, First Implicate",1,6,1,2016,72,251
fpl_i1,"Family Poverty Ratio, First Implicate",1,6,1,2016,27,303
fpl_i1,"Family Poverty Ratio, First Implicate",1,6,1,2016,49,234
fpl_i1,"Family Poverty Ratio, First Implicate",1,6,1,2016,24,280
fpl_i1,"Family Poverty Ratio, First Implicate",1,6,1,2016,49,264
fpl_i1,"Family Poverty Ratio, First Implicate",1,6,1,2016,39,298
fpl_i1,"Family Poverty Ratio, First Implicate",1,6,1,2016,74,127
fpl_i1,"Family Poverty Ratio, First Implicate",1,6,1,2016,49,182
fpl_i1,"Family Poverty Ratio, First Implicate",1,6,1,2016,88,300
fpl_i1,"Family Poverty Ratio, First Implicate",1,6,1,2016,62,86
fpl_i1,"Family Poverty Ratio, First Implicate",1,6,1,2016,39,249
fpl_i1,"Family Poverty Ratio, First Implicate",1,6,1,2016,42,343
fpl_i1,"Family Poverty Ratio, First Implicate",1,6,1,2016,37,91
fpl_i1,"Family Poverty Ratio, First Implicate",1,6,1,2016,17,381
fpl_i1,"Family Poverty Ratio, First Implicate",1,6,1,2016,58,382
fpl_i1,"Family Poverty Ratio, First Implicate",1,6,1,2016,59,135
fpl_i1,"Family Poverty Ratio, First Implicate",1,6,1,2016,45,149
fpl_i1,"Family Poverty Ratio, First Implicate",1,6,1,2016,38,375
fpl_i1,"Family Poverty Ratio, First Implicate",1,6,1,2016,32,364
fpl_i1,"Family Poverty Ratio, First Implicate",1,6,1,2016,22,321
fpl_i1,"Family Poverty Ratio, First Implicate",1,6,1,2016,47,98
fpl_i1,"Family Poverty Ratio, First Implicate",1,6,1,2016,26,256
fpl_i1,"Family Poverty Ratio, First Implicate",1,6,1,2016,80,205
fpl_i1,"Family Poverty Ratio, First Implicate",1,6,1,2016,68,167
fpl_i1,"Family Poverty Ratio, First Implicate",1,6,1,2016,79,284
fpl_i1,"Family Poverty Ratio, First Implicate",1,6,1,2016,66,366
fpl_i1,"Family Poverty Ratio, First Implicate",1,6,1,2016,59,335
fpl_i1,"Family Poverty Ratio, First Implicate",1,6,1,2016,46,130
fpl_i1,"Family Poverty Ratio, First Implicate",1,6,1,2016,39,394
fpl_i1,"Family Poverty Ratio, First Implicate",1,6,1,2016,43,328
fpl_i1,"Family Poverty Ratio, First Implicate",1,6,1,2016,29,296
fpl_i1,"Family Poverty Ratio, First Implicate",1,6,1,2016,34,119
fpl_i1,"Family Poverty Ratio, First Implicate",1,6,1,2016,55,139
fpl_i1,"Family Poverty Ratio, First Implicate",1,6,1,2016,36,274
fpl_i1,"Family Poverty Ratio, First Implicate",1,6,1,2016,27,327
fpl_i1,"Family Poverty Ratio, First Implicate",1,6,1,2016,39,340
fpl_i1,"Family Poverty Ratio, First Implicate",1,6,1,2016,88,199
fpl_i1,"Family Poverty Ratio, First Implicate",1,6,1,2016,78,124
fpl_i1,"Family Poverty Ratio, First Implicate",1,6,1,2016,41,176
fpl_i1,"Family Poverty Ratio, First Implicate",1,6,1,2016,42,361
fpl_i1,"Family Poverty Ratio, First Implicate",1,6,1,2016,48,266
fpl_i1,"Family Poverty Ratio, First Implicate",1,6,1,2016,65,123
fpl_i1,"Family Poverty Ratio, First Implicate",1,6,1,2016,48,350
fpl_i1,"Family Poverty Ratio, First Implicate",1,6,1,2016,22,373
fpl_i1,"Family Poverty Ratio, First Implicate",1,6,1,2016,65,337
fpl_i1,"Family Poverty Ratio, First Implicate",1,6,1,2016,41,132
fpl_i1,"Family Poverty Ratio, First Implicate",1,6,1,2016,103,282
fpl_i1,"Family Poverty Ratio, First Implicate",1,6,1,2016,28,331
fpl_i1,"Family Poverty Ratio, First Implicate",1,6,1,2016,24,271
fpl_i1,"Family Poverty Ratio, First Implicate",1,6,1,2016,59,89
fpl_i1,"Family Poverty Ratio, First Implicate",1,6,1,2016,34,299
fpl_i1,"Family Poverty Ratio, First Implicate",1,6,1,2016,76,80
fpl_i1,"Family Poverty Ratio, First Implicate",1,6,1,2016,23,359
fpl_i1,"Family Poverty Ratio, First Implicate",1,6,1,2016,85,94
fpl_i1,"Family Poverty Ratio, First Implicate",1,6,1,2016,27,344
fpl_i1,"Family Poverty Ratio, First Implicate",1,6,1,2016,40,248
fpl_i1,"Family Poverty Ratio, First Implicate",1,6,1,2016,57,114
fpl_i1,"Family Poverty Ratio, First Implicate",1,6,1,2016,34,315
fpl_i1,"Family Poverty Ratio, First Implicate",1,6,1,2016,13,365
fpl_i1,"Family Poverty Ratio, First Implicate",1,6,1,2016,56,137
fpl_i1,"Family Poverty Ratio, First Implicate",1,6,1,2016,52,87
fpl_i1,"Family Poverty Ratio, First Implicate",1,6,1,2016,58,134
fpl_i1,"Family Poverty Ratio, First Implicate",1,6,1,2016,20,385
fpl_i1,"Family Poverty Ratio, First Implicate",1,6,1,2016,43,228
fpl_i1,"Family Poverty Ratio, First Implicate",1,6,1,2016,86,204
fpl_i1,"Family Poverty Ratio, First Implicate",1,6,1,2016,66,279
fpl_i1,"Family Poverty Ratio, First Implicate",1,6,1,2016,19,376
fpl_i1,"Family Poverty Ratio, First Implicate",1,6,1,2016,45,329
fpl_i1,"Family Poverty Ratio, First Implicate",1,6,1,2016,60,112
fpl_i1,"Family Poverty Ratio, First Implicate",1,6,1,2016,47,397
fpl_i1,"Family Poverty Ratio, First Implicate",1,6,1,2016,89,120
fpl_i1,"Family Poverty Ratio, First Implicate",1,6,1,2016,19,369
fpl_i1,"Family Poverty Ratio, First Implicate",1,6,1,2016,60,207
fpl_i1,"Family Poverty Ratio, First Implicate",1,6,1,2016,53,330
fpl_i1,"Family Poverty Ratio, First Implicate",1,6,1,2016,68,259
fpl_i1,"Family Poverty Ratio, First Implicate",1,6,1,2016,36,211
fpl_i1,"Family Poverty Ratio, First Implicate",1,6,1,2016,41,268
fpl_i1,"Family Poverty Ratio, First Implicate",1,6,1,2016,26,326
fpl_i1,"Family Poverty Ratio, First Implicate",1,6,1,2016,24,348
fpl_i1,"Family Poverty Ratio, First Implicate",1,6,1,2016,32,313
fpl_i1,"Family Poverty Ratio, First Implicate",1,6,1,2016,41,195
fpl_i1,"Family Poverty Ratio, First Implicate",1,6,1,2016,33,226
fpl_i1,"Family Poverty Ratio, First Implicate",1,6,1,2016,51,185
fpl_i1,"Family Poverty Ratio, First Implicate",1,6,1,2016,27,239
fpl_i1,"Family Poverty Ratio, First Implicate",1,6,1,2016,48,77
fpl_i1,"Family Poverty Ratio, First Implicate",1,6,1,2016,30,219
fpl_i1,"Family Poverty Ratio, First Implicate",1,6,1,2016,62,290
fpl_i1,"Family Poverty Ratio, First Implicate",1,6,1,2016,18,305
fpl_i1,"Family Poverty Ratio, First Implicate",1,6,1,2016,21,277
fpl_i1,"Family Poverty Ratio, First Implicate",1,6,1,2016,31,281
fpl_i1,"Family Poverty Ratio, First Implicate",1,6,1,2016,33,263
fpl_i1,"Family Poverty Ratio, First Implicate",1,6,1,2016,42,319
fpl_i1,"Family Poverty Ratio, First Implicate",1,6,1,2016,23,222
fpl_i1,"Family Poverty Ratio, First Implicate",1,6,1,2016,36,188
fpl_i1,"Family Poverty Ratio, First Implicate",1,6,1,2016,73,246
fpl_i1,"Family Poverty Ratio, First Implicate",1,6,1,2016,52,82
fpl_i1,"Family Poverty Ratio, First Implicate",1,6,1,2016,20,384
fpl_i1,"Family Poverty Ratio, First Implicate",1,6,1,2016,27,261
fpl_i1,"Family Poverty Ratio, First Implicate",1,6,1,2016,19,323
fpl_i1,"Family Poverty Ratio, First Implicate",1,6,1,2016,38,151
fpl_i1,"Family Poverty Ratio, First Implicate",1,6,6,"2017,2018,2019,2020,2021,2022",14346,50 or less
fpl_i1,"Family Poverty Ratio, First Implicate",1,6,6,"2017,2018,2019,2020,2021,2022",94474,400 or more
fpl_i1,"Family Poverty Ratio, First Implicate",1,6,6,"2017,2018,2019,2020,2021,2022",120514,
hhcount,Number of People Living at Address,1,7,1,2016,3391,6
hhcount,Number of People Living at Address,1,7,1,2016,2169,2
hhcount,Number of People Living at Address,1,7,1,2016,14524,3
hhcount,Number of People Living at Address,1,7,1,2016,20,10
hhcount,Number of People Living at Address,1,7,1,2016,19013,4
hhcount,Number of People Living at Address,1,7,1,2016,8303,5
hhcount,Number of People Living at Address,1,7,1,2016,611,7
hhcount,Number of People Living at Address,1,7,1,2016,283,8
hhcount,Number of People Living at Address,1,7,1,2016,39,9
hhcount,Number of People Living at Address,1,7,1,2016,13,12
hhcount,Number of People Living at Address,1,7,1,2016,9,11
hhcount,Number of People Living at Address,1,7,7,"2016,2017,2018,2019,2020,2021,2022",230995,
hhcount,Number of People Living at Address,1,7,6,"2017,2018,2019,2020,2021,2022",176,10 or more
higrade,Highest Level of Education among Reported Adults,1,6,1,2016,1096,Less than High School
higrade,Highest Level of Education among Reported Adults,1,6,1,2016,6020,"High School (including vocational, trade, or business school)"
higrade,Highest Level of Education among Reported Adults,1,6,1,2016,41899,More than High School
higrade,Highest Level of Education among Reported Adults,1,6,1,2016,1197,
higrade,Highest Level of Education among Reported Adults,1,6,6,"2017,2018,2019,2020,2021,2022",5877,Less than high school
higrade,Highest Level of Education among Reported Adults,1,6,6,"2017,2018,2019,2020,2021,2022",29964,"High school (including vocational, trade, or business school)"
higrade,Highest Level of Education among Reported Adults,1,6,6,"2017,2018,2019,2020,2021,2022",193493,More than high school
higrade_tvis,"Highest Level of Education among Reported Adults, Detail",1,7,1,2016,1096,Less than High School
higrade_tvis,"Highest Level of Education among Reported Adults, Detail",1,7,1,2016,6020,"High School (including vocational, trade, or business school)"
higrade_tvis,"Highest Level of Education among Reported Adults, Detail",1,7,1,2016,1197,
higrade_tvis,"Highest Level of Education among Reported Adults, Detail",1,7,7,"2016,2017,2018,2019,2020,2021,2022",62000,Some college or Associate Degree
higrade_tvis,"Highest Level of Education among Reported Adults, Detail",1,7,7,"2016,2017,2018,2019,2020,2021,2022",173392,College degree or higher
higrade_tvis,"Highest Level of Education among Reported Adults, Detail",1,7,6,"2017,2018,2019,2020,2021,2022",5877,Less than high school
higrade_tvis,"Highest Level of Education among Reported Adults, Detail",1,7,6,"2017,2018,2019,2020,2021,2022",29964,"High school (including vocational, trade, or business school)"
house_gen,Parental Nativity,1,7,1,2016,760,1st generation household
house_gen,Parental Nativity,1,7,1,2016,7726,2nd generation household
house_gen,Parental Nativity,1,7,1,2016,38663,3rd+ generation
house_gen,Parental Nativity,1,7,1,2016,2453,"Other (child born in United States, parents are not listed)"
house_gen,Parental Nativity,1,7,7,"2016,2017,2018,2019,2020,2021,2022",4196,
house_gen,Parental Nativity,1,7,6,"2017,2018,2019,2020,2021,2022",3956,1st generation household [Child is born outside the United States and all reported parents are born outside the United States. At least one parent must be reported as born outside the United States.]
house_gen,Parental Nativity,1,7,6,"2017,2018,2019,2020,2021,2022",36655,"2nd generation household [Child is born in the United States and at least one parent is born outside the United States OR child is born outside the United States, one parent is born in the United States and one parent is born outside the United States.]"
house_gen,Parental Nativity,1,7,6,"2017,2018,2019,2020,2021,2022",172767,3rd+ generation [All parents in the household are born in the United States]
house_gen,Parental Nativity,1,7,6,"2017,2018,2019,2020,2021,2022",12370,"Other [Child is born in the United States, parents are not listed.]"
instype,Insurance Type (Revised),1,7,1,2016,9189,Public Only
instype,Insurance Type (Revised),1,7,1,2016,36703,Private Only
instype,Insurance Type (Revised),1,7,7,"2016,2017,2018,2019,2020,2021,2022",11939,Not insured
instype,Insurance Type (Revised),1,7,7,"2016,2017,2018,2019,2020,2021,2022",11022,Private and public
instype,Insurance Type (Revised),1,7,7,"2016,2017,2018,2019,2020,2021,2022",3855,
instype,Insurance Type (Revised),1,7,5,"2016,2019,2020,2021,2022",38838,Public only (government assistance)
instype,Insurance Type (Revised),1,7,2,"2017,2018",10421,Public only [government assistance]
instype,Insurance Type (Revised),1,7,2,"2017,2018",36775,"Private only [privately purchased, including through ACA marketplace, through employer, or TRICARE]"
instype,Insurance Type (Revised),1,7,4,"2019,2020,2021,2022",120804,"Private only (privately purchased, including through ACA marketplace, through employer, or TRICARE)"
k11q43r,How Many Times Moved to New Address,1,7,1,2016,11556,1
k11q43r,How Many Times Moved to New Address,1,7,1,2016,784,6
k11q43r,How Many Times Moved to New Address,1,7,1,2016,6160,2
k11q43r,How Many Times Moved to New Address,1,7,1,2016,4895,3
k11q43r,How Many Times Moved to New Address,1,7,1,2016,231,10
k11q43r,How Many Times Moved to New Address,1,7,1,2016,2421,4
k11q43r,How Many Times Moved to New Address,1,7,1,2016,11,14
k11q43r,How Many Times Moved to New Address,1,7,1,2016,1441,5
k11q43r,How Many Times Moved to New Address,1,7,1,2016,388,7
k11q43r,How Many Times Moved to New Address,1,7,1,2016,20,13
k11q43r,How Many Times Moved to New Address,1,7,1,2016,278,8
k11q43r,How Many Times Moved to New Address,1,7,1,2016,112,9
k11q43r,How Many Times Moved to New Address,1,7,1,2016,51,12
k11q43r,How Many Times Moved to New Address,1,7,1,2016,46,11
k11q43r,How Many Times Moved to New Address,1,7,1,2016,19576,0
k11q43r,How Many Times Moved to New Address,1,7,1,2016,77,15
k11q43r,How Many Times Moved to New Address,1,7,7,"2016,2017,2018,2019,2020,2021,2022",231139,
k11q43r,How Many Times Moved to New Address,1,7,1,2017,47,13 or more
k11q43r,How Many Times Moved to New Address,1,7,5,"2018,2019,2020,2021,2022",280,15 or more
k11q43r,How Many Times Moved to New Address,1,7,2,"2019,2020",33,13 or 14
k2q01_d,Teeth Description,1,7,7,"2016,2017,2018,2019,2020,2021,2022",49492,
k2q01_d,Teeth Description,1,7,6,"2016,2018,2019,2020,2021,2022",6254,This child does not have any teeth [T1 only]
k2q01_d,Teeth Description,1,7,1,2017,543,(fill with SC_NAME) does not have any teeth [T1 only]
k2q01_d,Teeth Description,1,7,6,"2017,2018,2019,2020,2021,2022",114753,Excellent
k2q01_d,Teeth Description,1,7,6,"2017,2018,2019,2020,2021,2022",68712,Very Good
k2q01_d,Teeth Description,1,7,6,"2017,2018,2019,2020,2021,2022",30537,Good
k2q01_d,Teeth Description,1,7,6,"2017,2018,2019,2020,2021,2022",7767,Fair
k2q01_d,Teeth Description,1,7,6,"2017,2018,2019,2020,2021,2022",1488,Poor
k2q35a_1_years,Autism ASD - First Told Age in Years,1,7,1,2016,59,1
k2q35a_1_years,Autism ASD - First Told Age in Years,1,7,1,2016,82,6
k2q35a_1_years,Autism ASD - First Told Age in Years,1,7,1,2016,221,2
k2q35a_1_years,Autism ASD - First Told Age in Years,1,7,1,2016,229,3
k2q35a_1_years,Autism ASD - First Told Age in Years,1,7,1,2016,36,10
k2q35a_1_years,Autism ASD - First Told Age in Years,1,7,1,2016,127,4
k2q35a_1_years,Autism ASD - First Told Age in Years,1,7,1,2016,41,14
k2q35a_1_years,Autism ASD - First Told Age in Years,1,7,1,2016,123,5
k2q35a_1_years,Autism ASD - First Told Age in Years,1,7,1,2016,52,7
k2q35a_1_years,Autism ASD - First Told Age in Years,1,7,1,2016,15,13
k2q35a_1_years,Autism ASD - First Told Age in Years,1,7,1,2016,58,8
k2q35a_1_years,Autism ASD - First Told Age in Years,1,7,1,2016,41,9
k2q35a_1_years,Autism ASD - First Told Age in Years,1,7,1,2016,33,12
k2q35a_1_years,Autism ASD - First Told Age in Years,1,7,1,2016,25,11
k2q35a_1_years,Autism ASD - First Told Age in Years,1,7,7,"2016,2017,2018,2019,2020,2021,2022",278045,
k2q35a_1_years,Autism ASD - First Told Age in Years,1,7,3,"2017,2018,2019",31,"15, 16 or 17"
k2q35a_1_years,Autism ASD - First Told Age in Years,1,7,2,"2017,2020",44,13 or 14
k2q35a_1_years,Autism ASD - First Told Age in Years,1,7,3,"2020,2021,2022",99,15 to 17
k2q35a_1_years,Autism ASD - First Told Age in Years,1,7,3,"2020,2021,2022",185,0 or 1
k2q35d,Autism ASD - First Told Doctor Type,1,7,1,2016,28,Dont Know
k2q35d,Autism ASD - First Told Doctor Type,1,7,7,"2016,2017,2018,2019,2020,2021,2022",689,Other
k2q35d,Autism ASD - First Told Doctor Type,1,7,7,"2016,2017,2018,2019,2020,2021,2022",1238,Primary Care Provider
k2q35d,Autism ASD - First Told Doctor Type,1,7,7,"2016,2017,2018,2019,2020,2021,2022",2887,Specialist
k2q35d,Autism ASD - First Told Doctor Type,1,7,7,"2016,2017,2018,2019,2020,2021,2022",894,School Psychologist/Counselor
k2q35d,Autism ASD - First Told Doctor Type,1,7,7,"2016,2017,2018,2019,2020,2021,2022",1331,Other Psychologist (Non-School)
k2q35d,Autism ASD - First Told Doctor Type,1,7,7,"2016,2017,2018,2019,2020,2021,2022",896,Psychiatrist
k2q35d,Autism ASD - First Told Doctor Type,1,7,7,"2016,2017,2018,2019,2020,2021,2022",271416,
k2q35d,Autism ASD - First Told Doctor Type,1,7,6,"2017,2018,2019,2020,2021,2022",167,Don't Know
k4q02_r,Place Usually Goes Sick - Where,1,7,1,2016,37341,Doctors Office
k4q02_r,Place Usually Goes Sick - Where,1,7,1,2016,242,Retail Store Clinic or Minute Clinic
k4q02_r,Place Usually Goes Sick - Where,1,7,1,2016,218,"School (Nurses Office, Athletic Trainers Office)"
k4q02_r,Place Usually Goes Sick - Where,1,7,7,"2016,2017,2018,2019,2020,2021,2022",1103,Some other place
k4q02_r,Place Usually Goes Sick - Where,1,7,7,"2016,2017,2018,2019,2020,2021,2022",1815,Hospital Emergency Room
k4q02_r,Place Usually Goes Sick - Where,1,7,7,"2016,2017,2018,2019,2020,2021,2022",1002,Hospital Outpatient Department
k4q02_r,Place Usually Goes Sick - Where,1,7,7,"2016,2017,2018,2019,2020,2021,2022",18476,Clinic or Health Center
k4q02_r,Place Usually Goes Sick - Where,1,7,7,"2016,2017,2018,2019,2020,2021,2022",53266,
k4q02_r,Place Usually Goes Sick - Where,1,7,6,"2017,2018,2019,2020,2021,2022",162024,Doctor's Office
k4q02_r,Place Usually Goes Sick - Where,1,7,6,"2017,2018,2019,2020,2021,2022",1160,Retail Store Clinic or 'Minute Clinic'
k4q02_r,Place Usually Goes Sick - Where,1,7,6,"2017,2018,2019,2020,2021,2022",666,"School (Nurse's Office, Athletic Trainer's Office)"
k4q02_r,Place Usually Goes Sick - Where,1,7,1,2021,2233,Urgent Care Center
metro_yn,Metropolitan Statistical Area Status,1,7,1,2016,28367,In Metropolitan Statistical Area
metro_yn,Metropolitan Statistical Area Status,1,7,1,2016,5428,Not in Metropolitan Statistical Area
metro_yn,Metropolitan Statistical Area Status,1,7,7,"2016,2017,2018,2019,2020,2021,2022",64150,
metro_yn,Metropolitan Statistical Area Status,1,7,6,"2017,2018,2019,2020,2021,2022",149833,Metropolitan Statistical Area
metro_yn,Metropolitan Statistical Area Status,1,7,6,"2017,2018,2019,2020,2021,2022",31768,Not Metropolitan Statistical Area
momage,Age of Mother - Years,1,7,1,2016,2797,28
momage,Age of Mother - Years,1,7,1,2016,902,40
momage,Age of Mother - Years,1,7,1,2016,1629,37
momage,Age of Mother - Years,1,7,1,2016,3479,30
momage,Age of Mother - Years,1,7,1,2016,2937,29
momage,Age of Mother - Years,1,7,1,2016,2775,34
momage,Age of Mother - Years,1,7,1,2016,2818,33
momage,Age of Mother - Years,1,7,1,2016,2654,35
momage,Age of Mother - Years,1,7,1,2016,2106,36
momage,Age of Mother - Years,1,7,1,2016,2456,27
momage,Age of Mother - Years,1,7,1,2016,1173,21
momage,Age of Mother - Years,1,7,1,2016,2157,26
momage,Age of Mother - Years,1,7,1,2016,448,42
momage,Age of Mother - Years,1,7,1,2016,1504,38
momage,Age of Mother - Years,1,7,1,2016,1011,20
momage,Age of Mother - Years,1,7,1,2016,1184,39
momage,Age of Mother - Years,1,7,1,2016,827,19
momage,Age of Mother - Years,1,7,1,2016,124,44
momage,Age of Mother - Years,1,7,1,2016,1566,24
momage,Age of Mother - Years,1,7,1,2016,1989,25
momage,Age of Mother - Years,1,7,1,2016,3175,32
momage,Age of Mother - Years,1,7,1,2016,2967,31
momage,Age of Mother - Years,1,7,1,2016,1181,22
momage,Age of Mother - Years,1,7,1,2016,1130,18
momage,Age of Mother - Years,1,7,1,2016,1440,23
momage,Age of Mother - Years,1,7,1,2016,528,41
momage,Age of Mother - Years,1,7,1,2016,243,43
momage,Age of Mother - Years,1,7,1,2016,183,45
momage,Age of Mother - Years,1,7,7,"2016,2017,2018,2019,2020,2021,2022",226275,
momage,Age of Mother - Years,1,7,6,"2017,2018,2019,2020,2021,2022",4933,18 or younger
momage,Age of Mother - Years,1,7,6,"2017,2018,2019,2020,2021,2022",955,45 or older
mpc_yn,Metropolitan Principal City Status,1,7,1,2016,8810,In Metropolitan Principal City
mpc_yn,Metropolitan Principal City Status,1,7,1,2016,20683,Not in Metropolitan Principal City
mpc_yn,Metropolitan Principal City Status,1,7,7,"2016,2017,2018,2019,2020,2021,2022",75881,
mpc_yn,Metropolitan Principal City Status,1,7,6,"2017,2018,2019,2020,2021,2022",53190,Metropolitan Principal City
mpc_yn,Metropolitan Principal City Status,1,7,6,"2017,2018,2019,2020,2021,2022",120982,Not Metropolitan Principal City
stratum,Sampling Stratum,1,6,1,2016,47022,Stratum 1
stratum,Sampling Stratum,1,6,1,2016,3190,Stratum 2
stratum,Sampling Stratum,1,6,6,"2017,2018,2019,2020,2021,2022",213833,1
stratum,Sampling Stratum,1,6,6,"2017,2018,2019,2020,2021,2022",15501,2A
wgtconc,Concerned About Weight,1,7,1,2016,3712,"Yes, its too high"
wgtconc,Concerned About Weight,1,7,1,2016,1287,"Yes, its too low"
wgtconc,Concerned About Weight,1,7,7,"2016,2017,2018,2019,2020,2021,2022",250524,"No, not concerned"
wgtconc,Concerned About Weight,1,7,7,"2016,2017,2018,2019,2020,2021,2022",1461,
wgtconc,Concerned About Weight,1,7,6,"2017,2018,2019,2020,2021,2022",15711,"Yes, it's too high"
wgtconc,Concerned About Weight,1,7,6,"2017,2018,2019,2020,2021,2022",6851,"Yes, it's too low"
athomehc,Hours Spent Providing Home Health Care,2,7,2,"2016,2017",3401,No at home care was provided by me or other family members
athomehc,Hours Spent Providing Home Health Care,2,7,7,"2016,2017,2018,2019,2020,2021,2022",77004,Less than 1 hour per week
athomehc,Hours Spent Providing Home Health Care,2,7,7,"2016,2017,2018,2019,2020,2021,2022",7326,1-4 hours per week
athomehc,Hours Spent Providing Home Health Care,2,7,7,"2016,2017,2018,2019,2020,2021,2022",2380,5-10 hours per week
athomehc,Hours Spent Providing Home Health Care,2,7,7,"2016,2017,2018,2019,2020,2021,2022",3935,11 or more hours per week
athomehc,Hours Spent Providing Home Health Care,2,7,7,"2016,2017,2018,2019,2020,2021,2022",3408,
athomehc,Hours Spent Providing Home Health Care,2,7,5,"2018,2019,2020,2021,2022",182092,This child does not need health care provided at home on a weekly basis
fipsst,State FIPS Code,2,7,7,"2016,2017,2018,2019,2020,2021,2022",4910,Delaware
fipsst,State FIPS Code,2,7,7,"2016,2017,2018,2019,2020,2021,2022",4917,District of Columbia
fipsst,State FIPS Code,2,7,7,"2016,2017,2018,2019,2020,2021,2022",4927,Florida
fipsst,State FIPS Code,2,7,7,"2016,2017,2018,2019,2020,2021,2022",5887,Georgia
fipsst,State FIPS Code,2,7,7,"2016,2017,2018,2019,2020,2021,2022",5445,Hawaii
fipsst,State FIPS Code,2,7,7,"2016,2017,2018,2019,2020,2021,2022",5148,Idaho
fipsst,State FIPS Code,2,7,7,"2016,2017,2018,2019,2020,2021,2022",5208,Illinois
fipsst,State FIPS Code,2,7,7,"2016,2017,2018,2019,2020,2021,2022",4972,Indiana
fipsst,State FIPS Code,2,7,7,"2016,2017,2018,2019,2020,2021,2022",5167,Iowa
fipsst,State FIPS Code,2,7,7,"2016,2017,2018,2019,2020,2021,2022",5168,Kansas
fipsst,State FIPS Code,2,7,7,"2016,2017,2018,2019,2020,2021,2022",4996,Kentucky
fipsst,State FIPS Code,2,7,7,"2016,2017,2018,2019,2020,2021,2022",4909,Louisiana
fipsst,State FIPS Code,2,7,7,"2016,2017,2018,2019,2020,2021,2022",5046,Maine
fipsst,State FIPS Code,2,7,7,"2016,2017,2018,2019,2020,2021,2022",4998,Maryland
fipsst,State FIPS Code,2,7,7,"2016,2017,2018,2019,2020,2021,2022",5179,Massachusetts
fipsst,State FIPS Code,2,7,7,"2016,2017,2018,2019,2020,2021,2022",5095,Michigan
fipsst,State FIPS Code,2,7,7,"2016,2017,2018,2019,2020,2021,2022",5216,Minnesota
fipsst,State FIPS Code,2,7,7,"2016,2017,2018,2019,2020,2021,2022",4735,Mississippi
fipsst,State FIPS Code,2,7,7,"2016,2017,2018,2019,2020,2021,2022",5129,Missouri
fipsst,State FIPS Code,2,7,7,"2016,2017,2018,2019,2020,2021,2022",5149,Montana
fipsst,State FIPS Code,2,7,7,"2016,2017,2018,2019,2020,2021,2022",5858,Nebraska
fipsst,State FIPS Code,2,7,7,"2016,2017,2018,2019,2020,2021,2022",4686,Nevada
fipsst,State FIPS Code,2,7,7,"2016,2017,2018,2019,2020,2021,2022",5061,New Hampshire
fipsst,State FIPS Code,2,7,7,"2016,2017,2018,2019,2020,2021,2022",5108,New Jersey
fipsst,State FIPS Code,2,7,7,"2016,2017,2018,2019,2020,2021,2022",4843,New Mexico
fipsst,State FIPS Code,2,7,7,"2016,2017,2018,2019,2020,2021,2022",8731,New York
fipsst,State FIPS Code,2,7,7,"2016,2017,2018,2019,2020,2021,2022",4911,North Carolina
fipsst,State FIPS Code,2,7,7,"2016,2017,2018,2019,2020,2021,2022",4997,North Dakota
fipsst,State FIPS Code,2,7,7,"2016,2017,2018,2019,2020,2021,2022",6306,Ohio
fipsst,State FIPS Code,2,7,7,"2016,2017,2018,2019,2020,2021,2022",4867,Oklahoma
fipsst,State FIPS Code,2,7,7,"2016,2017,2018,2019,2020,2021,2022",11081,Oregon
fipsst,State FIPS Code,2,7,7,"2016,2017,2018,2019,2020,2021,2022",5743,Pennsylvania
fipsst,State FIPS Code,2,7,7,"2016,2017,2018,2019,2020,2021,2022",4821,Rhode Island
fipsst,State FIPS Code,2,7,7,"2016,2017,2018,2019,2020,2021,2022",5051,South Carolina
fipsst,State FIPS Code,2,7,7,"2016,2017,2018,2019,2020,2021,2022",5195,South Dakota
fipsst,State FIPS Code,2,7,7,"2016,2017,2018,2019,2020,2021,2022",5863,Tennessee
fipsst,State FIPS Code,2,7,7,"2016,2017,2018,2019,2020,2021,2022",4841,Texas
fipsst,State FIPS Code,2,7,7,"2016,2017,2018,2019,2020,2021,2022",5168,Utah
fipsst,State FIPS Code,2,7,7,"2016,2017,2018,2019,2020,2021,2022",5174,Vermont
fipsst,State FIPS Code,2,7,7,"2016,2017,2018,2019,2020,2021,2022",5143,Virginia
fipsst,State FIPS Code,2,7,7,"2016,2017,2018,2019,2020,2021,2022",5197,Washington
fipsst,State FIPS Code,2,7,7,"2016,2017,2018,2019,2020,2021,2022",4834,West Virginia
fipsst,State FIPS Code,2,7,7,"2016,2017,2018,2019,2020,2021,2022",7301,Wisconsin
fipsst,State FIPS Code,2,7,7,"2016,2017,2018,2019,2020,2021,2022",44774,
fipsst,State FIPS Code,2,7,2,"2018,2022",1791,Wyoming
k8q30,How Well Handling Demands of Raising Children,2,7,2,"2016,2017",76,Not at all
k8q30,How Well Handling Demands of Raising Children,2,7,7,"2016,2017,2018,2019,2020,2021,2022",164276,Very well
k8q30,How Well Handling Demands of Raising Children,2,7,7,"2016,2017,2018,2019,2020,2021,2022",106844,Somewhat well
k8q30,How Well Handling Demands of Raising Children,2,7,7,"2016,2017,2018,2019,2020,2021,2022",4014,Not very well
k8q30,How Well Handling Demands of Raising Children,2,7,7,"2016,2017,2018,2019,2020,2021,2022",3874,
k8q30,How Well Handling Demands of Raising Children,2,7,5,"2018,2019,2020,2021,2022",462,Not well at all
a2_grade,Adult 2 - Highest Completed Year of School,3,7,3,"2016,2017,2018",24376,"Bachelor’s Degree (BA, BS, AB)"
a2_grade,Adult 2 - Highest Completed Year of School,3,7,3,"2016,2017,2018",12281,"Master’s Degree (MA, MS, MSW, MBA)"
a2_grade,Adult 2 - Highest Completed Year of School,3,7,7,"2016,2017,2018,2019,2020,2021,2022",4315,8th grade or less
a2_grade,Adult 2 - Highest Completed Year of School,3,7,7,"2016,2017,2018,2019,2020,2021,2022",8666,9th-12th grade; No diploma
a2_grade,Adult 2 - Highest Completed Year of School,3,7,7,"2016,2017,2018,2019,2020,2021,2022",38838,High School Graduate or GED Completed
a2_grade,Adult 2 - Highest Completed Year of School,3,7,7,"2016,2017,2018,2019,2020,2021,2022",13794,"Completed a vocational, trade, or business school program"
a2_grade,Adult 2 - Highest Completed Year of School,3,7,7,"2016,2017,2018,2019,2020,2021,2022",32387,"Some College Credit, but No Degree"
a2_grade,Adult 2 - Highest Completed Year of School,3,7,7,"2016,2017,2018,2019,2020,2021,2022",20891,"Associate Degree (AA, AS)"
a2_grade,Adult 2 - Highest Completed Year of School,3,7,7,"2016,2017,2018,2019,2020,2021,2022",14430,"Doctorate (PhD, EdD) or Professional Degree (MD, DDS, DVM, JD)"
a2_grade,Adult 2 - Highest Completed Year of School,3,7,7,"2016,2017,2018,2019,2020,2021,2022",47275,
a2_grade,Adult 2 - Highest Completed Year of School,3,7,4,"2019,2020,2021,2022",40625,"Bachelor's Degree (BA, BS, AB)"
a2_grade,Adult 2 - Highest Completed Year of School,3,7,4,"2019,2020,2021,2022",21668,"Master's Degree (MA, MS, MSW, MBA)"
hcability,Health Affected Ability - How Often,3,7,3,"2016,2017,2018",64523,This child does not have any conditions
hcability,Health Affected Ability - How Often,3,7,7,"2016,2017,2018,2019,2020,2021,2022",49342,Never
hcability,Health Affected Ability - How Often,3,7,7,"2016,2017,2018,2019,2020,2021,2022",33044,Sometimes
hcability,Health Affected Ability - How Often,3,7,7,"2016,2017,2018,2019,2020,2021,2022",4937,Usually
hcability,Health Affected Ability - How Often,3,7,7,"2016,2017,2018,2019,2020,2021,2022",3227,Always
hcability,Health Affected Ability - How Often,3,7,7,"2016,2017,2018,2019,2020,2021,2022",2065,
hcability,Health Affected Ability - How Often,3,7,4,"2019,2020,2021,2022",122408,This child does not have any health conditions
k5q20_r,Arrange Or Coordinate Care Among Doctors,3,7,4,"2016,2017,2018,2019",43497,Did not see more than one health care provider in past 12 months
k5q20_r,Arrange Or Coordinate Care Among Doctors,3,7,7,"2016,2017,2018,2019,2020,2021,2022",32256,Yes
k5q20_r,Arrange Or Coordinate Care Among Doctors,3,7,7,"2016,2017,2018,2019,2020,2021,2022",110339,No
k5q20_r,Arrange Or Coordinate Care Among Doctors,3,7,7,"2016,2017,2018,2019,2020,2021,2022",43322,
k5q20_r,Arrange Or Coordinate Care Among Doctors,3,7,3,"2020,2021,2022",50132,Did not see more than one health care provider in the PAST 12 MONTHS
k5q11,Need a Referral - Problem,5,7,7,"2016,2017,2018,2019,2020,2021,2022",1789,Very difficult
k5q11,Need a Referral - Problem,5,7,7,"2016,2017,2018,2019,2020,2021,2022",7604,Somewhat difficult
k5q11,Need a Referral - Problem,5,7,7,"2016,2017,2018,2019,2020,2021,2022",41890,Not difficult
k5q11,Need a Referral - Problem,5,7,7,"2016,2017,2018,2019,2020,2021,2022",228041,
k5q11,Need a Referral - Problem,5,7,5,"2018,2019,2020,2021,2022",222,It was not possible to get a referral
k6q71_r,Show Interest and Curiosity,5,7,7,"2016,2017,2018,2019,2020,2021,2022",2042,Never
k6q71_r,Show Interest and Curiosity,5,7,7,"2016,2017,2018,2019,2020,2021,2022",29830,Sometimes
k6q71_r,Show Interest and Curiosity,5,7,7,"2016,2017,2018,2019,2020,2021,2022",180976,Always
k6q71_r,Show Interest and Curiosity,5,7,7,"2016,2017,2018,2019,2020,2021,2022",2638,
k6q71_r,Show Interest and Curiosity,5,7,5,"2018,2019,2020,2021,2022",64060,Usually
k6q71_r.1,,5,7,7,"2016,2017,2018,2019,2020,2021,2022",2042,Never
k6q71_r.1,,5,7,7,"2016,2017,2018,2019,2020,2021,2022",29830,Sometimes
k6q71_r.1,,5,7,7,"2016,2017,2018,2019,2020,2021,2022",180976,Always
k6q71_r.1,,5,7,7,"2016,2017,2018,2019,2020,2021,2022",2638,
k6q71_r.1,,5,7,5,"2018,2019,2020,2021,2022",64060,Usually
