test.fold,weight,variable,folds.not.zero,abs.mean.weight
1,1.31549682757082,Cerebral_Palsy_Yes,10,1.35961238273272
2,1.29806203847737,Cerebral_Palsy_Yes,10,1.35961238273272
3,1.26419546843526,Cerebral_Palsy_Yes,10,1.35961238273272
4,1.22117313089098,Cerebral_Palsy_Yes,10,1.35961238273272
5,1.41838033329872,Cerebral_Palsy_Yes,10,1.35961238273272
6,1.35575912308787,Cerebral_Palsy_Yes,10,1.35961238273272
7,1.47681753414954,Cerebral_Palsy_Yes,10,1.35961238273272
8,1.59587513685049,Cerebral_Palsy_Yes,10,1.35961238273272
9,1.1631569545084,Cerebral_Palsy_Yes,10,1.35961238273272
10,1.48720728005773,Cerebral_Palsy_Yes,10,1.35961238273272
1,1.36308422459229,Down_Syndrome_Yes,10,1.34308193122719
2,1.41746268362495,Down_Syndrome_Yes,10,1.34308193122719
3,1.55884480755275,Down_Syndrome_Yes,10,1.34308193122719
4,1.21235198117079,Down_Syndrome_Yes,10,1.34308193122719
5,1.35688334400375,Down_Syndrome_Yes,10,1.34308193122719
6,1.52276286465338,Down_Syndrome_Yes,10,1.34308193122719
7,1.1367109330933,Down_Syndrome_Yes,10,1.34308193122719
8,1.54013354475051,Down_Syndrome_Yes,10,1.34308193122719
9,1.07339547534574,Down_Syndrome_Yes,10,1.34308193122719
10,1.24918945348441,Down_Syndrome_Yes,10,1.34308193122719
1,-1.00904413150276,Developmental_Delay_Yes,10,1.05198136791883
2,-0.969554471802646,Developmental_Delay_Yes,10,1.05198136791883
3,-1.07796720457093,Developmental_Delay_Yes,10,1.05198136791883
4,-1.08462689961221,Developmental_Delay_Yes,10,1.05198136791883
5,-1.08594406507506,Developmental_Delay_Yes,10,1.05198136791883
6,-1.04172505514983,Developmental_Delay_Yes,10,1.05198136791883
7,-1.0650195635935,Developmental_Delay_Yes,10,1.05198136791883
8,-1.07894699765883,Developmental_Delay_Yes,10,1.05198136791883
9,-1.0397451613913,Developmental_Delay_Yes,10,1.05198136791883
10,-1.06724012883119,Developmental_Delay_Yes,10,1.05198136791883
1,-1.03459252214953,Received_Special_Services_Yes,10,0.978548532621004
2,-1.06428468309007,Received_Special_Services_Yes,10,0.978548532621004
3,-0.923859320460972,Received_Special_Services_Yes,10,0.978548532621004
4,-1.06243988277031,Received_Special_Services_Yes,10,0.978548532621004
5,-0.948939390809046,Received_Special_Services_Yes,10,0.978548532621004
6,-0.992691520880083,Received_Special_Services_Yes,10,0.978548532621004
7,-0.980732335144161,Received_Special_Services_Yes,10,0.978548532621004
8,-0.959419634661712,Received_Special_Services_Yes,10,0.978548532621004
9,-0.821827939671246,Received_Special_Services_Yes,10,0.978548532621004
10,-0.996698096572904,Received_Special_Services_Yes,10,0.978548532621004
1,-0.725765591470393,Special_Education_Plan_Yes,10,0.796996092812056
2,-0.820645388794976,Special_Education_Plan_Yes,10,0.796996092812056
3,-0.770987110329215,Special_Education_Plan_Yes,10,0.796996092812056
4,-0.774092368390362,Special_Education_Plan_Yes,10,0.796996092812056
5,-0.810654820829491,Special_Education_Plan_Yes,10,0.796996092812056
6,-0.78128059165764,Special_Education_Plan_Yes,10,0.796996092812056
7,-0.745326908706026,Special_Education_Plan_Yes,10,0.796996092812056
8,-0.813050384536102,Special_Education_Plan_Yes,10,0.796996092812056
9,-0.881801593670361,Special_Education_Plan_Yes,10,0.796996092812056
10,-0.846356169735993,Special_Education_Plan_Yes,10,0.796996092812056
1,-0.718415995537454,Behavior_Problems_Yes,10,0.764241329430972
2,-0.758266970298591,Behavior_Problems_Yes,10,0.764241329430972
3,-0.867458040873,Behavior_Problems_Yes,10,0.764241329430972
4,-0.868074639439247,Behavior_Problems_Yes,10,0.764241329430972
5,-0.730582588649173,Behavior_Problems_Yes,10,0.764241329430972
6,-0.7371455665921,Behavior_Problems_Yes,10,0.764241329430972
7,-0.733777168975326,Behavior_Problems_Yes,10,0.764241329430972
8,-0.768950619235157,Behavior_Problems_Yes,10,0.764241329430972
9,-0.781332524830908,Behavior_Problems_Yes,10,0.764241329430972
10,-0.678409179878761,Behavior_Problems_Yes,10,0.764241329430972
1,-0.742569089355725,SC_Limited_Ability_Yes,10,0.734611770698809
2,-0.727437379688513,SC_Limited_Ability_Yes,10,0.734611770698809
3,-0.756527600434764,SC_Limited_Ability_Yes,10,0.734611770698809
4,-0.665233689621007,SC_Limited_Ability_Yes,10,0.734611770698809
5,-0.739399498944985,SC_Limited_Ability_Yes,10,0.734611770698809
6,-0.754964636943608,SC_Limited_Ability_Yes,10,0.734611770698809
7,-0.776432933797316,SC_Limited_Ability_Yes,10,0.734611770698809
8,-0.708907080903635,SC_Limited_Ability_Yes,10,0.734611770698809
9,-0.741558698346062,SC_Limited_Ability_Yes,10,0.734611770698809
10,-0.733087098952473,SC_Limited_Ability_Yes,10,0.734611770698809
1,-0.651827406354601,Special_Health_Care_Needs_Status_of_Selected_Child_SHCN,10,0.594110780125681
2,-0.664374988649246,Special_Health_Care_Needs_Status_of_Selected_Child_SHCN,10,0.594110780125681
3,-0.523389935238176,Special_Health_Care_Needs_Status_of_Selected_Child_SHCN,10,0.594110780125681
4,-0.595735657723282,Special_Health_Care_Needs_Status_of_Selected_Child_SHCN,10,0.594110780125681
5,-0.574970487280519,Special_Health_Care_Needs_Status_of_Selected_Child_SHCN,10,0.594110780125681
6,-0.591725046560125,Special_Health_Care_Needs_Status_of_Selected_Child_SHCN,10,0.594110780125681
7,-0.513309050689413,Special_Health_Care_Needs_Status_of_Selected_Child_SHCN,10,0.594110780125681
8,-0.692321053206246,Special_Health_Care_Needs_Status_of_Selected_Child_SHCN,10,0.594110780125681
9,-0.534923138572163,Special_Health_Care_Needs_Status_of_Selected_Child_SHCN,10,0.594110780125681
10,-0.598531036983042,Special_Health_Care_Needs_Status_of_Selected_Child_SHCN,10,0.594110780125681
1,-0.548212680527536,SC_Needs_Treatment_for_Emotion_Develop_Behave_Yes,10,0.528417260839805
2,-0.409827902036293,SC_Needs_Treatment_for_Emotion_Develop_Behave_Yes,10,0.528417260839805
3,-0.510097079263842,SC_Needs_Treatment_for_Emotion_Develop_Behave_Yes,10,0.528417260839805
4,-0.54664639109887,SC_Needs_Treatment_for_Emotion_Develop_Behave_Yes,10,0.528417260839805
5,-0.509769252629295,SC_Needs_Treatment_for_Emotion_Develop_Behave_Yes,10,0.528417260839805
6,-0.529891024689314,SC_Needs_Treatment_for_Emotion_Develop_Behave_Yes,10,0.528417260839805
7,-0.587990954026986,SC_Needs_Treatment_for_Emotion_Develop_Behave_Yes,10,0.528417260839805
8,-0.529790086894368,SC_Needs_Treatment_for_Emotion_Develop_Behave_Yes,10,0.528417260839805
9,-0.598876193653323,SC_Needs_Treatment_for_Emotion_Develop_Behave_Yes,10,0.528417260839805
10,-0.513071043578227,SC_Needs_Treatment_for_Emotion_Develop_Behave_Yes,10,0.528417260839805
1,-0.490774995525411,Sex_of_Selected_Child_Male,10,0.510493288414848
2,-0.572344163116812,Sex_of_Selected_Child_Male,10,0.510493288414848
3,-0.471761419985262,Sex_of_Selected_Child_Male,10,0.510493288414848
4,-0.471880008296735,Sex_of_Selected_Child_Male,10,0.510493288414848
5,-0.543769294484857,Sex_of_Selected_Child_Male,10,0.510493288414848
6,-0.603424069017298,Sex_of_Selected_Child_Male,10,0.510493288414848
7,-0.41543069644512,Sex_of_Selected_Child_Male,10,0.510493288414848
8,-0.564746442574902,Sex_of_Selected_Child_Male,10,0.510493288414848
9,-0.434722226463461,Sex_of_Selected_Child_Male,10,0.510493288414848
10,-0.536079568238626,Sex_of_Selected_Child_Male,10,0.510493288414848
1,-0.429528287409566,SC_Special_Therapy_Yes,10,0.47752844882157
2,-0.476976381478129,SC_Special_Therapy_Yes,10,0.47752844882157
3,-0.466725778504932,SC_Special_Therapy_Yes,10,0.47752844882157
4,-0.502303104481959,SC_Special_Therapy_Yes,10,0.47752844882157
5,-0.439345309142495,SC_Special_Therapy_Yes,10,0.47752844882157
6,-0.448742513237312,SC_Special_Therapy_Yes,10,0.47752844882157
7,-0.447722992938498,SC_Special_Therapy_Yes,10,0.47752844882157
8,-0.501179450351716,SC_Special_Therapy_Yes,10,0.47752844882157
9,-0.545993424409399,SC_Special_Therapy_Yes,10,0.47752844882157
10,-0.516767246261693,SC_Special_Therapy_Yes,10,0.47752844882157
1,-0.605155096044884,Tourette_Syndrome_Yes,9,0.476134995377746
2,-0.686340907514226,Tourette_Syndrome_Yes,9,0.476134995377746
3,-0.206272028860897,Tourette_Syndrome_Yes,9,0.476134995377746
4,-0.470601519766054,Tourette_Syndrome_Yes,9,0.476134995377746
5,-0.642742275525691,Tourette_Syndrome_Yes,9,0.476134995377746
6,-0.502483790101165,Tourette_Syndrome_Yes,9,0.476134995377746
7,-0.4400776117258,Tourette_Syndrome_Yes,9,0.476134995377746
8,-0.726099355199597,Tourette_Syndrome_Yes,9,0.476134995377746
10,-0.481577369039146,Tourette_Syndrome_Yes,9,0.476134995377746
1,-0.33397715285155,How_Often_Have_You_Felt___Child_Hard_to_Care_For_Usually,10,0.301228847276315
2,-0.34437120476793,How_Often_Have_You_Felt___Child_Hard_to_Care_For_Usually,10,0.301228847276315
3,-0.208174452353109,How_Often_Have_You_Felt___Child_Hard_to_Care_For_Usually,10,0.301228847276315
4,-0.268396621526204,How_Often_Have_You_Felt___Child_Hard_to_Care_For_Usually,10,0.301228847276315
5,-0.288992669760347,How_Often_Have_You_Felt___Child_Hard_to_Care_For_Usually,10,0.301228847276315
6,-0.348789967141145,How_Often_Have_You_Felt___Child_Hard_to_Care_For_Usually,10,0.301228847276315
7,-0.288800228773374,How_Often_Have_You_Felt___Child_Hard_to_Care_For_Usually,10,0.301228847276315
8,-0.345171692447756,How_Often_Have_You_Felt___Child_Hard_to_Care_For_Usually,10,0.301228847276315
9,-0.277889731369649,How_Often_Have_You_Felt___Child_Hard_to_Care_For_Usually,10,0.301228847276315
10,-0.307724751772088,How_Often_Have_You_Felt___Child_Hard_to_Care_For_Usually,10,0.301228847276315
1,-0.404291182862115,Hours_Spent_Providing_Home_Health_Care_5_10_hours_per_week,10,0.257734221378939
2,-0.285616181374728,Hours_Spent_Providing_Home_Health_Care_5_10_hours_per_week,10,0.257734221378939
3,-0.175707100800852,Hours_Spent_Providing_Home_Health_Care_5_10_hours_per_week,10,0.257734221378939
4,-0.231679406801776,Hours_Spent_Providing_Home_Health_Care_5_10_hours_per_week,10,0.257734221378939
5,-0.218955304203488,Hours_Spent_Providing_Home_Health_Care_5_10_hours_per_week,10,0.257734221378939
6,-0.328717763991284,Hours_Spent_Providing_Home_Health_Care_5_10_hours_per_week,10,0.257734221378939
7,-0.0987702884904176,Hours_Spent_Providing_Home_Health_Care_5_10_hours_per_week,10,0.257734221378939
8,-0.193087493003446,Hours_Spent_Providing_Home_Health_Care_5_10_hours_per_week,10,0.257734221378939
9,-0.358702763594037,Hours_Spent_Providing_Home_Health_Care_5_10_hours_per_week,10,0.257734221378939
10,-0.281814728667245,Hours_Spent_Providing_Home_Health_Care_5_10_hours_per_week,10,0.257734221378939
1,0.24405597301369,How_Often_Have_You_Felt___Child_Really_Bothers_You_Usually,10,0.234704300989018
2,0.335571024207622,How_Often_Have_You_Felt___Child_Really_Bothers_You_Usually,10,0.234704300989018
3,0.196114747921069,How_Often_Have_You_Felt___Child_Really_Bothers_You_Usually,10,0.234704300989018
4,0.197213803618313,How_Often_Have_You_Felt___Child_Really_Bothers_You_Usually,10,0.234704300989018
5,0.232892347036683,How_Often_Have_You_Felt___Child_Really_Bothers_You_Usually,10,0.234704300989018
6,0.300815776427489,How_Often_Have_You_Felt___Child_Really_Bothers_You_Usually,10,0.234704300989018
7,0.113271411422556,How_Often_Have_You_Felt___Child_Really_Bothers_You_Usually,10,0.234704300989018
8,0.359746705205095,How_Often_Have_You_Felt___Child_Really_Bothers_You_Usually,10,0.234704300989018
9,0.0836915251331713,How_Often_Have_You_Felt___Child_Really_Bothers_You_Usually,10,0.234704300989018
10,0.283669695904491,How_Often_Have_You_Felt___Child_Really_Bothers_You_Usually,10,0.234704300989018
1,-0.329866547294558,SC_Needs_or_Uses_More_Medical_Care_than_Others_Yes,10,0.231099763915148
2,-0.186461736828968,SC_Needs_or_Uses_More_Medical_Care_than_Others_Yes,10,0.231099763915148
3,-0.304992286357348,SC_Needs_or_Uses_More_Medical_Care_than_Others_Yes,10,0.231099763915148
4,-0.165559450751257,SC_Needs_or_Uses_More_Medical_Care_than_Others_Yes,10,0.231099763915148
5,-0.293551414684147,SC_Needs_or_Uses_More_Medical_Care_than_Others_Yes,10,0.231099763915148
6,-0.221483589957377,SC_Needs_or_Uses_More_Medical_Care_than_Others_Yes,10,0.231099763915148
7,-0.223383320988369,SC_Needs_or_Uses_More_Medical_Care_than_Others_Yes,10,0.231099763915148
8,-0.16509717746105,SC_Needs_or_Uses_More_Medical_Care_than_Others_Yes,10,0.231099763915148
9,-0.182346248669017,SC_Needs_or_Uses_More_Medical_Care_than_Others_Yes,10,0.231099763915148
10,-0.238255866159385,SC_Needs_or_Uses_More_Medical_Care_than_Others_Yes,10,0.231099763915148
1,0.539528686526632,Adult_1___How_Related_to_Child_Other__Relative,7,0.22057434614455
2,0.641643689320198,Adult_1___How_Related_to_Child_Other__Relative,7,0.22057434614455
4,0.0514191573277547,Adult_1___How_Related_to_Child_Other__Relative,7,0.22057434614455
5,0.273675297003917,Adult_1___How_Related_to_Child_Other__Relative,7,0.22057434614455
6,0.296395256165795,Adult_1___How_Related_to_Child_Other__Relative,7,0.22057434614455
8,0.199186602256356,Adult_1___How_Related_to_Child_Other__Relative,7,0.22057434614455
10,0.203894772844843,Adult_1___How_Related_to_Child_Other__Relative,7,0.22057434614455
1,-0.275143341657954,Hours_Spent_Arranging_Health_Medical_Care_5_10_hours_per_week,8,0.219666382872012
2,-0.448444110007862,Hours_Spent_Arranging_Health_Medical_Care_5_10_hours_per_week,8,0.219666382872012
3,-0.248835245168306,Hours_Spent_Arranging_Health_Medical_Care_5_10_hours_per_week,8,0.219666382872012
5,-0.313356433480906,Hours_Spent_Arranging_Health_Medical_Care_5_10_hours_per_week,8,0.219666382872012
6,-0.251299750486136,Hours_Spent_Arranging_Health_Medical_Care_5_10_hours_per_week,8,0.219666382872012
7,-0.124502746996909,Hours_Spent_Arranging_Health_Medical_Care_5_10_hours_per_week,8,0.219666382872012
8,-0.296721209704971,Hours_Spent_Arranging_Health_Medical_Care_5_10_hours_per_week,8,0.219666382872012
10,-0.23836099121708,Hours_Spent_Arranging_Health_Medical_Care_5_10_hours_per_week,8,0.219666382872012
1,0.387700630389801,Deafness_Yes,10,0.172755511989829
2,0.198216112736032,Deafness_Yes,10,0.172755511989829
3,0.191532183525471,Deafness_Yes,10,0.172755511989829
4,0.0955663541514532,Deafness_Yes,10,0.172755511989829
5,0.125833120674667,Deafness_Yes,10,0.172755511989829
6,0.204037275535241,Deafness_Yes,10,0.172755511989829
7,0.0555500782361335,Deafness_Yes,10,0.172755511989829
8,0.212357759113536,Deafness_Yes,10,0.172755511989829
9,0.117245270468368,Deafness_Yes,10,0.172755511989829
10,0.139516335067589,Deafness_Yes,10,0.172755511989829
1,0.117794926919449,Child_Experienced___Parent_or_Guardian_Time_in_Jail_Yes,10,0.158150964815185
2,0.262496461325344,Child_Experienced___Parent_or_Guardian_Time_in_Jail_Yes,10,0.158150964815185
3,0.10539741685278,Child_Experienced___Parent_or_Guardian_Time_in_Jail_Yes,10,0.158150964815185
4,0.279366418659537,Child_Experienced___Parent_or_Guardian_Time_in_Jail_Yes,10,0.158150964815185
5,0.158219888907832,Child_Experienced___Parent_or_Guardian_Time_in_Jail_Yes,10,0.158150964815185
6,0.229431995237749,Child_Experienced___Parent_or_Guardian_Time_in_Jail_Yes,10,0.158150964815185
7,0.0621037932707138,Child_Experienced___Parent_or_Guardian_Time_in_Jail_Yes,10,0.158150964815185
8,0.153654494471543,Child_Experienced___Parent_or_Guardian_Time_in_Jail_Yes,10,0.158150964815185
9,0.0786833470469348,Child_Experienced___Parent_or_Guardian_Time_in_Jail_Yes,10,0.158150964815185
10,0.134360905459966,Child_Experienced___Parent_or_Guardian_Time_in_Jail_Yes,10,0.158150964815185
1,-0.194179749289302,Anxiety_Yes,10,0.156107522601193
2,-0.14804964448005,Anxiety_Yes,10,0.156107522601193
3,-0.112891153721457,Anxiety_Yes,10,0.156107522601193
4,-0.196538007764281,Anxiety_Yes,10,0.156107522601193
5,-0.152310103464078,Anxiety_Yes,10,0.156107522601193
6,-0.162611203341444,Anxiety_Yes,10,0.156107522601193
7,-0.137545533019871,Anxiety_Yes,10,0.156107522601193
8,-0.152269821283755,Anxiety_Yes,10,0.156107522601193
9,-0.0662161424948566,Anxiety_Yes,10,0.156107522601193
10,-0.238463867152837,Anxiety_Yes,10,0.156107522601193
1,0.053679730646689,Hours_Spent_Arranging_Health_Medical_Care_This_child_does_not_need_health_care_coordinated_on_a_weekly_basis,10,0.146790943587354
2,0.213794723303401,Hours_Spent_Arranging_Health_Medical_Care_This_child_does_not_need_health_care_coordinated_on_a_weekly_basis,10,0.146790943587354
3,0.156679409045673,Hours_Spent_Arranging_Health_Medical_Care_This_child_does_not_need_health_care_coordinated_on_a_weekly_basis,10,0.146790943587354
4,0.129345795657102,Hours_Spent_Arranging_Health_Medical_Care_This_child_does_not_need_health_care_coordinated_on_a_weekly_basis,10,0.146790943587354
5,0.185773473337659,Hours_Spent_Arranging_Health_Medical_Care_This_child_does_not_need_health_care_coordinated_on_a_weekly_basis,10,0.146790943587354
6,0.219140836655815,Hours_Spent_Arranging_Health_Medical_Care_This_child_does_not_need_health_care_coordinated_on_a_weekly_basis,10,0.146790943587354
7,0.102668765761228,Hours_Spent_Arranging_Health_Medical_Care_This_child_does_not_need_health_care_coordinated_on_a_weekly_basis,10,0.146790943587354
8,0.190038447234156,Hours_Spent_Arranging_Health_Medical_Care_This_child_does_not_need_health_care_coordinated_on_a_weekly_basis,10,0.146790943587354
9,0.0388105173882605,Hours_Spent_Arranging_Health_Medical_Care_This_child_does_not_need_health_care_coordinated_on_a_weekly_basis,10,0.146790943587354
10,0.177977736843553,Hours_Spent_Arranging_Health_Medical_Care_This_child_does_not_need_health_care_coordinated_on_a_weekly_basis,10,0.146790943587354
1,0.171424394501167,Difficulty_Breathing_Past_12_Months_Yes,10,0.131788759023695
2,0.24392019252635,Difficulty_Breathing_Past_12_Months_Yes,10,0.131788759023695
3,0.051566737129482,Difficulty_Breathing_Past_12_Months_Yes,10,0.131788759023695
4,0.114785423439508,Difficulty_Breathing_Past_12_Months_Yes,10,0.131788759023695
5,0.0899326447557681,Difficulty_Breathing_Past_12_Months_Yes,10,0.131788759023695
6,0.158423490079394,Difficulty_Breathing_Past_12_Months_Yes,10,0.131788759023695
7,0.0813460855252454,Difficulty_Breathing_Past_12_Months_Yes,10,0.131788759023695
8,0.235279700176308,Difficulty_Breathing_Past_12_Months_Yes,10,0.131788759023695
9,0.051918321320374,Difficulty_Breathing_Past_12_Months_Yes,10,0.131788759023695
10,0.119290600783351,Difficulty_Breathing_Past_12_Months_Yes,10,0.131788759023695
1,-0.229277982710973,Race_of_Selected_Child__Detailed_Native_Hawaiian_and_Other_Pacific_Islander_alone,5,0.130288586947491
2,-0.0230006221696209,Race_of_Selected_Child__Detailed_Native_Hawaiian_and_Other_Pacific_Islander_alone,5,0.130288586947491
4,-0.0287384042569889,Race_of_Selected_Child__Detailed_Native_Hawaiian_and_Other_Pacific_Islander_alone,5,0.130288586947491
6,-0.670614576306686,Race_of_Selected_Child__Detailed_Native_Hawaiian_and_Other_Pacific_Islander_alone,5,0.130288586947491
8,-0.351254284030644,Race_of_Selected_Child__Detailed_Native_Hawaiian_and_Other_Pacific_Islander_alone,5,0.130288586947491
1,0.109035987216452,State_FIPS_Code_Vermont,6,0.10452601276311
2,0.331466434714177,State_FIPS_Code_Vermont,6,0.10452601276311
4,0.067812439052489,State_FIPS_Code_Vermont,6,0.10452601276311
6,0.141131153559293,State_FIPS_Code_Vermont,6,0.10452601276311
8,0.371825426715213,State_FIPS_Code_Vermont,6,0.10452601276311
10,0.0239886863734729,State_FIPS_Code_Vermont,6,0.10452601276311
1,0.164220799649952,Specialist_Visit_Yes,9,0.099483633953323
2,0.111556592865355,Specialist_Visit_Yes,9,0.099483633953323
3,0.0630230059704458,Specialist_Visit_Yes,9,0.099483633953323
4,0.089281378657036,Specialist_Visit_Yes,9,0.099483633953323
5,0.152713338275126,Specialist_Visit_Yes,9,0.099483633953323
6,0.136774413913307,Specialist_Visit_Yes,9,0.099483633953323
8,0.0922418027699662,Specialist_Visit_Yes,9,0.099483633953323
9,0.0228641654454478,Specialist_Visit_Yes,9,0.099483633953323
10,0.162160841986595,Specialist_Visit_Yes,9,0.099483633953323
1,0.0595357454824059,How_Often_Have_You_Felt___Angry_with_Child_Usually,7,0.0962608581704098
2,0.242705667435619,How_Often_Have_You_Felt___Angry_with_Child_Usually,7,0.0962608581704098
4,0.0412249070601775,How_Often_Have_You_Felt___Angry_with_Child_Usually,7,0.0962608581704098
5,0.0752398054273804,How_Often_Have_You_Felt___Angry_with_Child_Usually,7,0.0962608581704098
6,0.190160110910359,How_Often_Have_You_Felt___Angry_with_Child_Usually,7,0.0962608581704098
8,0.195920244899194,How_Often_Have_You_Felt___Angry_with_Child_Usually,7,0.0962608581704098
10,0.157822100488962,How_Often_Have_You_Felt___Angry_with_Child_Usually,7,0.0962608581704098
1,0.124124707999739,Child_Experienced___Lived_with_Person_with_Alcohol_Drug_Problem_Yes,8,0.0911970059750183
2,0.0948968890108316,Child_Experienced___Lived_with_Person_with_Alcohol_Drug_Problem_Yes,8,0.0911970059750183
3,0.0885430145389995,Child_Experienced___Lived_with_Person_with_Alcohol_Drug_Problem_Yes,8,0.0911970059750183
4,0.101224749151431,Child_Experienced___Lived_with_Person_with_Alcohol_Drug_Problem_Yes,8,0.0911970059750183
5,0.11479596436282,Child_Experienced___Lived_with_Person_with_Alcohol_Drug_Problem_Yes,8,0.0911970059750183
6,0.100725148166224,Child_Experienced___Lived_with_Person_with_Alcohol_Drug_Problem_Yes,8,0.0911970059750183
8,0.183675296843719,Child_Experienced___Lived_with_Person_with_Alcohol_Drug_Problem_Yes,8,0.0911970059750183
10,0.103984289676419,Child_Experienced___Lived_with_Person_with_Alcohol_Drug_Problem_Yes,8,0.0911970059750183
1,-0.105242922380109,Health_Insurance___Cover_Mental_Behavioral_Needs_Always,8,0.0778485502423401
2,-0.165830385606248,Health_Insurance___Cover_Mental_Behavioral_Needs_Always,8,0.0778485502423401
3,-0.0361718401532327,Health_Insurance___Cover_Mental_Behavioral_Needs_Always,8,0.0778485502423401
5,-0.0737212631702415,Health_Insurance___Cover_Mental_Behavioral_Needs_Always,8,0.0778485502423401
6,-0.0890685044748119,Health_Insurance___Cover_Mental_Behavioral_Needs_Always,8,0.0778485502423401
8,-0.219579651694156,Health_Insurance___Cover_Mental_Behavioral_Needs_Always,8,0.0778485502423401
9,-0.0187709777798699,Health_Insurance___Cover_Mental_Behavioral_Needs_Always,8,0.0778485502423401
10,-0.070099957164731,Health_Insurance___Cover_Mental_Behavioral_Needs_Always,8,0.0778485502423401
1,0.151605506513088,How_Often_Have_You_Felt___Child_Hard_to_Care_For_Never,8,0.077396712224784
2,0.215204390374673,How_Often_Have_You_Felt___Child_Hard_to_Care_For_Never,8,0.077396712224784
3,0.0392798840431041,How_Often_Have_You_Felt___Child_Hard_to_Care_For_Never,8,0.077396712224784
4,0.004738853662494,How_Often_Have_You_Felt___Child_Hard_to_Care_For_Never,8,0.077396712224784
5,0.0482920484169554,How_Often_Have_You_Felt___Child_Hard_to_Care_For_Never,8,0.077396712224784
6,0.127932854385471,How_Often_Have_You_Felt___Child_Hard_to_Care_For_Never,8,0.077396712224784
8,0.149474886836849,How_Often_Have_You_Felt___Child_Hard_to_Care_For_Never,8,0.077396712224784
10,0.0374386980152053,How_Often_Have_You_Felt___Child_Hard_to_Care_For_Never,8,0.077396712224784
1,-0.142785856441717,State_FIPS_Code_Arizona,7,0.07671290079196
2,-0.0681615417199236,State_FIPS_Code_Arizona,7,0.07671290079196
4,-0.105251280146007,State_FIPS_Code_Arizona,7,0.07671290079196
5,-0.137064517421521,State_FIPS_Code_Arizona,7,0.07671290079196
6,-0.14716562327811,State_FIPS_Code_Arizona,7,0.07671290079196
8,-0.132194744747005,State_FIPS_Code_Arizona,7,0.07671290079196
10,-0.0345054441653175,State_FIPS_Code_Arizona,7,0.07671290079196
1,0.162741829254419,How_Often_Have_You_Felt___Angry_with_Child_Sometimes,8,0.0734839790091694
2,0.193689186833499,How_Often_Have_You_Felt___Angry_with_Child_Sometimes,8,0.0734839790091694
3,0.00592336767091856,How_Often_Have_You_Felt___Angry_with_Child_Sometimes,8,0.0734839790091694
4,0.0400331961861353,How_Often_Have_You_Felt___Angry_with_Child_Sometimes,8,0.0734839790091694
5,0.102719223435838,How_Often_Have_You_Felt___Angry_with_Child_Sometimes,8,0.0734839790091694
6,0.0913436378214205,How_Often_Have_You_Felt___Angry_with_Child_Sometimes,8,0.0734839790091694
8,0.132417943387164,How_Often_Have_You_Felt___Angry_with_Child_Sometimes,8,0.0734839790091694
10,0.00597140550229953,How_Often_Have_You_Felt___Angry_with_Child_Sometimes,8,0.0734839790091694
1,-0.168898697345438,Intellectual_Disability_Yes,9,0.0732900188501392
2,-0.00910062091208242,Intellectual_Disability_Yes,9,0.0732900188501392
3,-0.119365629022389,Intellectual_Disability_Yes,9,0.0732900188501392
4,-0.091631959731927,Intellectual_Disability_Yes,9,0.0732900188501392
5,-0.120919646572604,Intellectual_Disability_Yes,9,0.0732900188501392
6,-0.138285024290306,Intellectual_Disability_Yes,9,0.0732900188501392
7,-0.0256499798752284,Intellectual_Disability_Yes,9,0.0732900188501392
8,-0.0588432372298499,Intellectual_Disability_Yes,9,0.0732900188501392
9,-0.00020539352156794,Intellectual_Disability_Yes,9,0.0732900188501392
1,-0.091809918639527,Genetic_Condition_Yes,9,0.0661559073433733
2,-0.137179764181286,Genetic_Condition_Yes,9,0.0661559073433733
3,-0.0615377849424004,Genetic_Condition_Yes,9,0.0661559073433733
4,-0.0408672946492516,Genetic_Condition_Yes,9,0.0661559073433733
6,-0.0392058343280593,Genetic_Condition_Yes,9,0.0661559073433733
7,-0.0547707627361893,Genetic_Condition_Yes,9,0.0661559073433733
8,-0.10940322095878,Genetic_Condition_Yes,9,0.0661559073433733
9,-0.0995686470604933,Genetic_Condition_Yes,9,0.0661559073433733
10,-0.0272158459377467,Genetic_Condition_Yes,9,0.0661559073433733
1,0.10744808662455,Count_of_Female_Children_in_Household,10,0.0661110262963215
2,0.0280123149473129,Count_of_Female_Children_in_Household,10,0.0661110262963215
3,0.0471667339273446,Count_of_Female_Children_in_Household,10,0.0661110262963215
4,0.0483735838707551,Count_of_Female_Children_in_Household,10,0.0661110262963215
5,0.0727966277573839,Count_of_Female_Children_in_Household,10,0.0661110262963215
6,0.0435216818151148,Count_of_Female_Children_in_Household,10,0.0661110262963215
7,0.0506715296595266,Count_of_Female_Children_in_Household,10,0.0661110262963215
8,0.0926801426906994,Count_of_Female_Children_in_Household,10,0.0661110262963215
9,0.0678543103774413,Count_of_Female_Children_in_Household,10,0.0661110262963215
10,0.102585251293086,Count_of_Female_Children_in_Household,10,0.0661110262963215
1,0.0760202630406919,Food_Situation_In_Household___Past_12_Months_Sometimes_we_could_not_afford_enough_to_eat.,5,0.0567361232348955
2,0.132525009907629,Food_Situation_In_Household___Past_12_Months_Sometimes_we_could_not_afford_enough_to_eat.,5,0.0567361232348955
6,0.0431177670516246,Food_Situation_In_Household___Past_12_Months_Sometimes_we_could_not_afford_enough_to_eat.,5,0.0567361232348955
8,0.16128131153878,Food_Situation_In_Household___Past_12_Months_Sometimes_we_could_not_afford_enough_to_eat.,5,0.0567361232348955
10,0.154416880810229,Food_Situation_In_Household___Past_12_Months_Sometimes_we_could_not_afford_enough_to_eat.,5,0.0567361232348955
1,-0.0667761523626001,Health_Affected_Ability___How_Often_Usually,9,0.0543960809199776
2,-0.0636979205061398,Health_Affected_Ability___How_Often_Usually,9,0.0543960809199776
3,-0.0570644437369483,Health_Affected_Ability___How_Often_Usually,9,0.0543960809199776
4,-0.0878294208235061,Health_Affected_Ability___How_Often_Usually,9,0.0543960809199776
5,-0.0511040428711997,Health_Affected_Ability___How_Often_Usually,9,0.0543960809199776
6,-0.0970665805603063,Health_Affected_Ability___How_Often_Usually,9,0.0543960809199776
8,-0.0629096551622607,Health_Affected_Ability___How_Often_Usually,9,0.0543960809199776
9,-0.0300239324854439,Health_Affected_Ability___How_Often_Usually,9,0.0543960809199776
10,-0.0274886606913715,Health_Affected_Ability___How_Often_Usually,9,0.0543960809199776
2,0.146471459053931,Birth_Weight_Status_Very_low_birth_weight__less_than_1_500g_,4,0.0447972357105192
5,0.0362978477136942,Birth_Weight_Status_Very_low_birth_weight__less_than_1_500g_,4,0.0447972357105192
6,0.185922936499245,Birth_Weight_Status_Very_low_birth_weight__less_than_1_500g_,4,0.0447972357105192
8,0.0792801138383215,Birth_Weight_Status_Very_low_birth_weight__less_than_1_500g_,4,0.0447972357105192
1,-0.078415681093857,Health_Insurance___Cover_Mental_Behavioral_Needs_Usually,6,0.0445910904117076
2,-0.0558628784547224,Health_Insurance___Cover_Mental_Behavioral_Needs_Usually,6,0.0445910904117076
4,-0.0647721341698183,Health_Insurance___Cover_Mental_Behavioral_Needs_Usually,6,0.0445910904117076
6,-0.0292202917534271,Health_Insurance___Cover_Mental_Behavioral_Needs_Usually,6,0.0445910904117076
8,-0.185102435996651,Health_Insurance___Cover_Mental_Behavioral_Needs_Usually,6,0.0445910904117076
10,-0.0325374826486005,Health_Insurance___Cover_Mental_Behavioral_Needs_Usually,6,0.0445910904117076
1,-0.141100382310414,Mental_Health_Professional_Treatment_No__but_this_child_needed_to_see_a_mental_health_professional,5,0.0445618512519111
2,-0.114764523822215,Mental_Health_Professional_Treatment_No__but_this_child_needed_to_see_a_mental_health_professional,5,0.0445618512519111
5,-0.0378710036594955,Mental_Health_Professional_Treatment_No__but_this_child_needed_to_see_a_mental_health_professional,5,0.0445618512519111
6,-0.0170174701746725,Mental_Health_Professional_Treatment_No__but_this_child_needed_to_see_a_mental_health_professional,5,0.0445618512519111
8,-0.134865132552313,Mental_Health_Professional_Treatment_No__but_this_child_needed_to_see_a_mental_health_professional,5,0.0445618512519111
1,-0.0849416558903422,Speech_Disorder_Yes,9,0.0444900702365463
2,-0.0972684210834603,Speech_Disorder_Yes,9,0.0444900702365463
3,-0.0652736209500763,Speech_Disorder_Yes,9,0.0444900702365463
4,-0.00878869998908298,Speech_Disorder_Yes,9,0.0444900702365463
5,-0.0613138444708832,Speech_Disorder_Yes,9,0.0444900702365463
6,-0.0621899772911648,Speech_Disorder_Yes,9,0.0444900702365463
8,-0.0531645640051974,Speech_Disorder_Yes,9,0.0444900702365463
9,-0.00491496554888735,Speech_Disorder_Yes,9,0.0444900702365463
10,-0.00704495313636801,Speech_Disorder_Yes,9,0.0444900702365463
1,0.0639847253913118,Epilepsy_Yes,5,0.0423220813511755
2,0.130725566740226,Epilepsy_Yes,5,0.0423220813511755
5,0.0143208287578678,Epilepsy_Yes,5,0.0423220813511755
6,0.0459928829848203,Epilepsy_Yes,5,0.0423220813511755
8,0.168196809637528,Epilepsy_Yes,5,0.0423220813511755
1,-0.0449669370578399,Age_of_Selected_Child___In_Years,10,0.0421141073061824
2,-0.053339576523034,Age_of_Selected_Child___In_Years,10,0.0421141073061824
3,-0.038925758535622,Age_of_Selected_Child___In_Years,10,0.0421141073061824
4,-0.0353519307391206,Age_of_Selected_Child___In_Years,10,0.0421141073061824
5,-0.0440326096451627,Age_of_Selected_Child___In_Years,10,0.0421141073061824
6,-0.0488734240065526,Age_of_Selected_Child___In_Years,10,0.0421141073061824
7,-0.0322628412483527,Age_of_Selected_Child___In_Years,10,0.0421141073061824
8,-0.048680452267062,Age_of_Selected_Child___In_Years,10,0.0421141073061824
9,-0.0345903819079241,Age_of_Selected_Child___In_Years,10,0.0421141073061824
10,-0.0401171611311537,Age_of_Selected_Child___In_Years,10,0.0421141073061824
1,0.0355308591171021,Admitted_to_Hospital_Yes,4,0.0394956592009364
2,0.227286818157385,Admitted_to_Hospital_Yes,4,0.0394956592009364
8,0.0904735616319355,Admitted_to_Hospital_Yes,4,0.0394956592009364
10,0.0416653531029412,Admitted_to_Hospital_Yes,4,0.0394956592009364
2,0.114629001802598,Blindness_Yes,5,0.0366875508082279
5,0.0366156728802556,Blindness_Yes,5,0.0366875508082279
6,0.105145336632022,Blindness_Yes,5,0.0366875508082279
8,0.046548100359984,Blindness_Yes,5,0.0366875508082279
10,0.0639373964074199,Blindness_Yes,5,0.0366875508082279
1,0.0475843536003079,Frustrated_In_Efforts_to_Get_Service_Never,6,0.0359586401345496
2,0.073786222297175,Frustrated_In_Efforts_to_Get_Service_Never,6,0.0359586401345496
4,0.0188511419105484,Frustrated_In_Efforts_to_Get_Service_Never,6,0.0359586401345496
5,0.0446735617528363,Frustrated_In_Efforts_to_Get_Service_Never,6,0.0359586401345496
6,0.0636680671406927,Frustrated_In_Efforts_to_Get_Service_Never,6,0.0359586401345496
8,0.111023054643936,Frustrated_In_Efforts_to_Get_Service_Never,6,0.0359586401345496
1,0.0717209316577069,Difficulty_Physical_Pain_Past_12_Months_Yes,6,0.0343748311243623
2,0.0885773266912385,Difficulty_Physical_Pain_Past_12_Months_Yes,6,0.0343748311243623
3,0.0286463950698876,Difficulty_Physical_Pain_Past_12_Months_Yes,6,0.0343748311243623
4,0.0273093324971347,Difficulty_Physical_Pain_Past_12_Months_Yes,6,0.0343748311243623
6,0.119200701326994,Difficulty_Physical_Pain_Past_12_Months_Yes,6,0.0343748311243623
8,0.00829362400066165,Difficulty_Physical_Pain_Past_12_Months_Yes,6,0.0343748311243623
1,0.0331538632460111,Count_of_Children_Ages_6_to_11_in_Household,8,0.0331443122591345
2,0.0891719930604841,Count_of_Children_Ages_6_to_11_in_Household,8,0.0331443122591345
3,0.00826419079497984,Count_of_Children_Ages_6_to_11_in_Household,8,0.0331443122591345
4,0.0652249340696407,Count_of_Children_Ages_6_to_11_in_Household,8,0.0331443122591345
5,0.0433280655684416,Count_of_Children_Ages_6_to_11_in_Household,8,0.0331443122591345
6,0.0173917554579991,Count_of_Children_Ages_6_to_11_in_Household,8,0.0331443122591345
8,0.0357989764512151,Count_of_Children_Ages_6_to_11_in_Household,8,0.0331443122591345
10,0.0391093439425739,Count_of_Children_Ages_6_to_11_in_Household,8,0.0331443122591345
1,0.329755896008293,Adult_1___How_Related_to_Child_Foster_Parent,1,0.0329755896008293
2,-0.0897838176575807,Learning_Disability_Yes,6,0.0309404255284602
4,-0.0430861379437027,Learning_Disability_Yes,6,0.0309404255284602
6,-0.0170264747733725,Learning_Disability_Yes,6,0.0309404255284602
7,-0.0602518034757094,Learning_Disability_Yes,6,0.0309404255284602
8,-0.011253127813252,Learning_Disability_Yes,6,0.0309404255284602
10,-0.0880028936209843,Learning_Disability_Yes,6,0.0309404255284602
2,0.00127709677086881,Child_Experienced___Victim_of_Violence_Yes,6,0.030614432917553
5,0.0908962446870174,Child_Experienced___Victim_of_Violence_Yes,6,0.030614432917553
6,0.0933647164622663,Child_Experienced___Victim_of_Violence_Yes,6,0.030614432917553
8,0.0951583147289966,Child_Experienced___Victim_of_Violence_Yes,6,0.030614432917553
9,0.00625926184710639,Child_Experienced___Victim_of_Violence_Yes,6,0.030614432917553
10,0.0191886946792744,Child_Experienced___Victim_of_Violence_Yes,6,0.030614432917553
1,0.0543216556585228,Someone_to_Turn_To_for_Emotional_Support_Yes,6,0.0302960777843631
2,0.0232281940677146,Someone_to_Turn_To_for_Emotional_Support_Yes,6,0.0302960777843631
4,0.0372270680497674,Someone_to_Turn_To_for_Emotional_Support_Yes,6,0.0302960777843631
5,0.0521354130040172,Someone_to_Turn_To_for_Emotional_Support_Yes,6,0.0302960777843631
6,0.110504510975487,Someone_to_Turn_To_for_Emotional_Support_Yes,6,0.0302960777843631
8,0.0255439360881219,Someone_to_Turn_To_for_Emotional_Support_Yes,6,0.0302960777843631
2,0.0761848141754178,Count_of_Children_without_Special_Health_Care_Needs_in_Household,6,0.0239750307288096
4,0.0297382200643955,Count_of_Children_without_Special_Health_Care_Needs_in_Household,6,0.0239750307288096
5,0.0133664319340422,Count_of_Children_without_Special_Health_Care_Needs_in_Household,6,0.0239750307288096
6,0.0688713667432208,Count_of_Children_without_Special_Health_Care_Needs_in_Household,6,0.0239750307288096
8,0.0153505816735044,Count_of_Children_without_Special_Health_Care_Needs_in_Household,6,0.0239750307288096
10,0.0362388926975151,Count_of_Children_without_Special_Health_Care_Needs_in_Household,6,0.0239750307288096
2,0.0980789017561406,Facing_Problems___How_Often_Work_Together_Some_of_the_time,4,0.0230815784482872
5,0.0512598735011228,Facing_Problems___How_Often_Work_Together_Some_of_the_time,4,0.0230815784482872
6,0.00799838455659539,Facing_Problems___How_Often_Work_Together_Some_of_the_time,4,0.0230815784482872
8,0.0734786246690135,Facing_Problems___How_Often_Work_Together_Some_of_the_time,4,0.0230815784482872
1,0.0462235333601837,Hours_Spent_Providing_Home_Health_Care_Less_than_1_hour_per_week,5,0.0202885558538304
2,0.0750017815575133,Hours_Spent_Providing_Home_Health_Care_Less_than_1_hour_per_week,5,0.0202885558538304
3,0.00204155984636166,Hours_Spent_Providing_Home_Health_Care_Less_than_1_hour_per_week,5,0.0202885558538304
6,0.0311164481663003,Hours_Spent_Providing_Home_Health_Care_Less_than_1_hour_per_week,5,0.0202885558538304
8,0.0485022356079452,Hours_Spent_Providing_Home_Health_Care_Less_than_1_hour_per_week,5,0.0202885558538304
1,0.0403548495336844,Birth_Weight_is_Low___2500g__Yes,5,0.020136823856723
2,0.00252396918503758,Birth_Weight_is_Low___2500g__Yes,5,0.020136823856723
4,0.0235551208036053,Birth_Weight_is_Low___2500g__Yes,5,0.020136823856723
8,0.0825192788817041,Birth_Weight_is_Low___2500g__Yes,5,0.020136823856723
9,0.052415020163199,Birth_Weight_is_Low___2500g__Yes,5,0.020136823856723
2,0.0709188192213144,SC_Needs_or_Uses_Medication_Currently_Yes,4,0.0186532779321414
6,0.0338082259774531,SC_Needs_or_Uses_Medication_Currently_Yes,4,0.0186532779321414
8,0.0601116754849636,SC_Needs_or_Uses_Medication_Currently_Yes,4,0.0186532779321414
10,0.0216940586376826,SC_Needs_or_Uses_Medication_Currently_Yes,4,0.0186532779321414
2,0.178853968421951,Health_Insurance___Other_Yes,1,0.0178853968421951
2,0.0077498450308167,Child_is_Safe_In_Neighborhood_Somewhat_disagree,4,0.0177753387947541
5,0.0535802353437843,Child_is_Safe_In_Neighborhood_Somewhat_disagree,4,0.0177753387947541
6,0.0954870664019992,Child_is_Safe_In_Neighborhood_Somewhat_disagree,4,0.0177753387947541
8,0.0209362411709404,Child_is_Safe_In_Neighborhood_Somewhat_disagree,4,0.0177753387947541
2,-0.0871495041826499,Watch_Out_for_Others_Children_Somewhat_disagree,3,0.0156794663594839
6,-0.01778290886195,Watch_Out_for_Others_Children_Somewhat_disagree,3,0.0156794663594839
8,-0.0518622505502391,Watch_Out_for_Others_Children_Somewhat_disagree,3,0.0156794663594839
1,-0.0516016030538789,Adult_1___Sex_Male,6,0.0128735650277462
2,-0.0348863731499667,Adult_1___Sex_Male,6,0.0128735650277462
5,-0.00184827463018013,Adult_1___Sex_Male,6,0.0128735650277462
6,-0.0199218495245299,Adult_1___Sex_Male,6,0.0128735650277462
8,-0.0187207893675942,Adult_1___Sex_Male,6,0.0128735650277462
10,-0.0017567605513122,Adult_1___Sex_Male,6,0.0128735650277462
1,-0.042335523165853,Health_Insurance___Government_Assistance_Plan_Yes,4,0.0119681532331395
2,-0.0298671230139458,Health_Insurance___Government_Assistance_Plan_Yes,4,0.0119681532331395
5,-0.0204181777291848,Health_Insurance___Government_Assistance_Plan_Yes,4,0.0119681532331395
6,-0.0270607084224111,Health_Insurance___Government_Assistance_Plan_Yes,4,0.0119681532331395
8,-0.117384253890635,Adult_1___How_Related_to_Child_Grandparent,1,0.0117384253890635
1,0.0227266698358937,Difficulty_Toothaches_Past_12_Months_Yes,2,0.0102233143043671
8,0.0795064732077774,Difficulty_Toothaches_Past_12_Months_Yes,2,0.0102233143043671
2,-0.101373206841295,State_FIPS_Code_Texas,1,0.0101373206841295
2,-0.0297011065718757,Health_Insurance___Cover_Mental_Behavioral_Needs_Sometimes,3,0.00792471762794946
5,-0.0154633645923644,Health_Insurance___Cover_Mental_Behavioral_Needs_Sometimes,3,0.00792471762794946
6,-0.0340827051152545,Health_Insurance___Cover_Mental_Behavioral_Needs_Sometimes,3,0.00792471762794946
2,0.0268400418027127,Adult_1___Highest_Completed_Year_of_School_Masters_Degree__MA__MS__MSW__MBA_,4,0.00726050541267465
6,0.00125784508855744,Adult_1___Highest_Completed_Year_of_School_Masters_Degree__MA__MS__MSW__MBA_,4,0.00726050541267465
8,0.036814634572211,Adult_1___Highest_Completed_Year_of_School_Masters_Degree__MA__MS__MSW__MBA_,4,0.00726050541267465
10,0.00769253266326542,Adult_1___Highest_Completed_Year_of_School_Masters_Degree__MA__MS__MSW__MBA_,4,0.00726050541267465
5,0.0151678830841391,Difficulty_Swallowing_Past_12_Months_Yes,2,0.00624807276437082
6,0.0473128445595691,Difficulty_Swallowing_Past_12_Months_Yes,2,0.00624807276437082
8,0.0555137402496197,General_Health_Good,1,0.00555137402496197
8,-0.0541933755231025,State_FIPS_Code_Virginia,1,0.00541933755231025
8,0.0497090556638692,Birth_Order_of_Selected_Children_in_Household_Second_oldest_child,1,0.00497090556638692
5,0.0388511717021506,How_Much_Time_Spent_with_TV__Cellphone__Computer_Less_than_1_hour,1,0.00388511717021506
3,-0.0239962189840023,Show_Interest_and_Curiosity_Sometimes,2,0.00369640077153966
10,-0.0129677887313943,Show_Interest_and_Curiosity_Sometimes,2,0.00369640077153966
8,0.0340698379242109,Health_Insurance___Current_Former_Employer_or_Union_Yes,1,0.00340698379242109
2,0.0166747552456682,Heart_Condition_Yes,2,0.00221380874065122
6,0.00546333216084396,Heart_Condition_Yes,2,0.00221380874065122
6,0.0207471161113356,Dental_Provider_Visit_Yes__saw_a_dentist,1,0.00207471161113356
8,0.0183326194784251,Watch_Out_for_Others_Children_Definitely_agree,1,0.00183326194784251
5,-0.0178664889413048,The_Conditions_under_Which_Land_or_Buildings_Are_Held_or_Occupied_Rented_,1,0.00178664889413048
1,0.00402371332007712,Health_Affected_Ability___How_Often_This_child_does_not_have_any_health_conditions,3,0.001508588778392
2,0.00659696113265488,Health_Affected_Ability___How_Often_This_child_does_not_have_any_health_conditions,3,0.001508588778392
8,0.00446521333118803,Health_Affected_Ability___How_Often_This_child_does_not_have_any_health_conditions,3,0.001508588778392
2,0.0108757330747467,How_Many_Days___Family_Eat_Meal_Together_4_6_days,2,0.00148714623155164
8,0.00399572924076966,How_Many_Days___Family_Eat_Meal_Together_4_6_days,2,0.00148714623155164
6,-0.00488198163921186,Needed_Health_Care_Not_Received_Yes,1,0.000488198163921186
2,0.00192590357608371,Birth_Weight_is_Very_Low___1500g__Yes,4,0.000439009330340362
5,1.39744054896147e-15,Birth_Weight_is_Very_Low___1500g__Yes,4,0.000439009330340362
6,7.19522597005323e-15,Birth_Weight_is_Very_Low___1500g__Yes,4,0.000439009330340362
8,0.00246418972731131,Birth_Weight_is_Very_Low___1500g__Yes,4,0.000439009330340362
3,-0.00181719062937734,Adult_1___Age_in_Years,2,0.000358921663219521
10,-0.00177202600281787,Adult_1___Age_in_Years,2,0.000358921663219521
1,-0.00266797027055836,Highest_Level_of_Education_among_Reported_Adults_High_school__including_vocational__trade__or_business_school_,1,0.000266797027055836
6,0.000219165059340892,Family_Poverty_Ratio__Second_Implicate,2,2.59532695193555e-05
8,4.0367635852663e-05,Family_Poverty_Ratio__Second_Implicate,2,2.59532695193555e-05
1,-1.01675220511096e-15,Highest_Level_of_Education_among_Reported_Adults__Detail_High_school__including_vocational__trade__or_business_school_,1,1.01675220511096e-16
